open,high,close,low,volume,price_change,p_change,ma5,ma10,ma20,v_ma5,v_ma10,v_ma20
10.53,10.58,10.32,10.31,700358.19,-0.23,-2.18,10.58,10.563,10.706,852309.57,898967.37,1111400.3
10.67,10.67,10.55,10.48,500267.84,-0.06,-0.57,10.63,10.586,10.749,924156.43,991858.46,1141381.14
10.5,10.67,10.61,10.48,666157.31,0.04,0.38,10.644,10.62,10.786,1004395.26,1021229.28,1200618.32
10.75,10.8,10.57,10.52,1033877.5,-0.28,-2.58,10.61,10.64,10.808,1026011.76,1033173.29,1258781.68
10.57,10.88,10.85,10.57,1360887,0.28,2.65,10.604,10.667,10.821,1033735.79,1003358.12,1287215.1
10.61,10.72,10.57,10.49,1059592.5,-0.05,-0.47,10.546,10.674,10.836,945625.17,996461.83,1351447.9
10.44,10.64,10.62,10.42,901462,0.18,1.72,10.542,10.726,10.846,1059560.5,1111794.88,1402651.65
10.53,10.55,10.44,10.42,774239.81,-0.1,-0.95,10.596,10.747,10.819,1038063.3,1175926.32,1407636.35
10.41,10.65,10.54,10.38,1072497.62,-0.02,-0.19,10.67,10.794,10.814,1040334.82,1213770.71,1436468.85
10.46,10.58,10.56,10.38,920333.94,0.01,0.1,10.73,10.83,10.805,972980.45,1256703.74,1452690.02
10.71,10.73,10.55,10.4,1629269.12,-0.34,-3.12,10.802,10.849,10.783,1047298.49,1323833.22,1476807.59
10.88,10.97,10.89,10.82,793976,0.08,0.74,10.91,10.912,10.77,1164029.26,1290903.82,1471184.64
10.83,10.95,10.81,10.75,785597.44,-0.03,-0.28,10.898,10.952,10.719,1313789.34,1380007.36,1531243.04
10.87,10.93,10.84,10.73,735725.75,-0.08,-0.73,10.918,10.975,10.701,1387206.6,1484390.08,1541723.17
10.95,11.04,10.92,10.82,1291924.12,-0.17,-1.53,10.93,10.975,10.687,1540427.03,1571072.09,1558141.09
11.04,11.16,11.09,10.83,2212923,0.26,2.4,10.896,10.998,10.663,1600367.95,1706433.98,1577862.81
10.99,11.05,10.83,10.76,1542776.38,-0.08,-0.73,10.914,10.965,10.661,1417778.38,1693508.41,1572728.8
10.95,10.99,10.91,10.75,1152683.75,0.01,0.09,11.006,10.891,10.657,1446225.38,1639346.38,1539608.15
10.78,11.08,10.9,10.73,1501827.88,0.15,1.4,11.032,10.833,10.647,1581573.55,1659166.98,1556499.64
11.2,11.24,10.75,10.62,1591628.75,-0.43,-3.85,11.02,10.78,10.629,1601717.15,1648676.31,1530258.98
11.29,11.31,11.18,10.96,1299975.12,-0.11,-0.97,11.1,10.716,10.625,1812500,1629781.96,1531903.46
10.8,11.29,11.29,10.71,1685011.38,0.25,2.26,11.016,10.628,10.578,1969238.45,1651465.47,1497922.13
10.9,11.33,11.04,10.8,1829424.62,0.2,1.84,10.776,10.485,10.525,1832467.39,1682478.72,1475248.99
11.2,11.22,10.84,10.73,1602545.88,-0.31,-2.78,10.634,10.426,10.477,1736760.41,1599056.26,1440118.14
10.81,11.46,11.15,10.78,2645543,0.39,3.62,10.54,10.398,10.42,1695635.46,1545210.1,1385844.96
9.95,10.78,10.76,9.92,2083667.38,0.67,6.64,10.332,10.328,10.354,1447063.91,1449291.65,1284555.32
10.29,10.29,10.09,10.06,1001156.06,-0.24,-2.32,10.24,10.357,10.314,1333692.49,1451949.19,1230358.23
10.5,10.55,10.33,10.14,1350889.75,-0.04,-0.39,10.194,10.422,10.304,1532490.05,1439869.92,1208541.89
10.14,10.54,10.37,10.12,1396921.12,0.26,2.57,10.218,10.46,10.283,1461352.11,1453832.29,1176645.78
10.39,10.47,10.11,10.09,1402685.25,-0.19,-1.84,10.256,10.478,10.258,1394784.74,1411841.66,1138649.18
9.97,10.34,10.3,9.87,1516810.25,0.44,4.46,10.324,10.534,10.253,1451519.39,1434024.97,1108966.69
10.05,10.16,9.86,9.7,1995143.88,-0.59,-5.65,10.474,10.527,10.237,1570205.89,1344378.78,1068715.05
10.54,10.66,10.45,10.38,995200.06,-0.11,-1.04,10.65,10.565,10.246,1347249.79,1268019.27,1027930.52
10.46,10.7,10.56,10.39,1064084.25,0.11,1.05,10.702,10.528,10.245,1446312.48,1281180.01,1042987.62
10.7,10.79,10.45,10.45,1686358.5,-0.6,-5.43,10.7,10.441,10.227,1428898.58,1226479.82,1025368.19
10.78,11.27,11.05,10.78,2110242.75,0.31,2.89,10.744,10.38,10.211,1416530.55,1119818.99,1006593.53
10.65,10.84,10.74,10.57,880363.38,0.03,0.28,10.58,10.271,10.164,1118551.68,1008767.28,950827.28
10.61,10.92,10.71,10.52,1490513.5,0.16,1.52,10.48,10.185,10.141,1188788.75,977213.86,951903.29
10.52,10.68,10.55,10.48,977014.75,-0.12,-1.12,10.354,10.105,10.12,1116047.55,899459.26,941866.48
10.26,10.7,10.67,10.18,1624518.38,0.44,4.3,10.182,10.038,10.114,1024061.06,865456.71,1003936.95
10.27,10.36,10.23,10.19,620348.38,-0.01,-0.1,10.016,9.972,10.082,823107.43,783908.41,1074731.44
10.03,10.34,10.24,10.03,1231548.75,0.16,1.59,9.962,9.946,10.038,898982.87,793051.32,1080167.76
9.73,10.12,10.08,9.7,1126807.5,0.39,4.03,9.89,9.927,9.991,765638.96,787841.77,1067712.02
9.8,9.8,9.69,9.68,517082.31,-0.15,-1.52,9.856,9.962,9.948,682870.96,804795.23,1074595.37
9.98,9.98,9.84,9.81,619750.19,-0.12,-1.21,9.894,10.012,9.914,706852.35,824256.57,1082807.36
10.09,10.1,9.96,9.84,999725.62,0.08,0.81,9.928,10.041,9.862,744709.39,893368.08,1084293.67
9.87,9.97,9.88,9.82,564829.19,-0.03,-0.3,9.93,10.057,9.803,687119.76,892887.29,1066221.02
9.9,10.03,9.91,9.81,712967.5,0.03,0.3,9.964,10.096,9.749,810044.58,926592.72,1071501.7
10.01,10.07,9.88,9.84,636989.25,-0.13,-1.3,10.068,10.134,9.703,926719.5,984273.69,1057365.35
10.04,10.18,10.01,9.93,809035.38,0.04,0.4,10.13,10.189,9.662,941660.79,1142417.19,1066440.44
10.05,10.14,9.97,9.95,711777.5,-0.08,-0.8,10.154,10.191,9.623,1042026.76,1365554.48,1047197.09
10.3,10.33,10.05,10.05,1179453.25,-0.38,-3.64,10.184,10.13,9.589,1098654.81,1367284.19,1051947.4
10.2,10.55,10.43,10.07,1296342.12,0.24,2.35,10.228,10.054,9.539,1043140.86,1347582.27,1021922.4
10.09,10.3,10.19,10.09,711695.69,0.06,0.59,10.2,9.934,9.476,1041827.89,1344395.51,991626.45
10.13,10.32,10.13,10.1,1310865.25,0.01,0.1,10.248,9.815,9.413,1343173.6,1341358.14,983742.17
10.27,10.35,10.12,10.08,994917.75,-0.15,-1.46,10.228,9.683,9.352,1689082.2,1275219.27,942026.24
10.25,10.33,10.27,10.15,901883.5,-0.02,-0.19,10.076,9.549,9.293,1635913.57,1239554.76,938850.42
10.34,10.43,10.29,10.24,1289777.25,-0.14,-1.34,9.88,9.401,9.237,1652023.67,1216410.69,934460.32
10.02,10.43,10.43,9.97,2218424.25,0.4,3.99,9.668,9.272,9.194,1646963.12,1130457,905979
9.31,10.28,10.03,9.29,3040408.25,0.67,7.16,9.382,9.134,9.142,1339542.69,990463.69,830377.09
9.3,9.42,9.36,9.23,729074.62,0.07,0.75,9.138,9.054,9.103,861356.35,728839.7,704112.98
9.24,9.34,9.29,9.13,982434,0.06,0.65,9.022,9.047,9.097,843195.94,736610.61,709327.16
9.02,9.26,9.23,9.01,1264474.5,0.23,2.56,8.922,9.023,9.102,780797.7,696262.53,690911.6
8.9,9.02,9,8.87,681322.06,0.19,2.16,8.876,9.017,9.11,613950.87,638857.4,698982.58
8.88,8.94,8.81,8.78,649476.56,0.03,0.34,8.886,9.011,9.131,641384.69,626126.2,754000.9
8.73,8.89,8.78,8.64,638272.56,-0.01,-0.11,8.97,9.021,9.146,596323.05,608833.21,809240.94
9.02,9.02,8.79,8.75,670442.81,-0.21,-2.33,9.072,9.037,9.144,630025.29,638146.08,800395.93
9.03,9.04,9,8.94,430240.38,-0.05,-0.55,9.124,9.073,9.139,611727.36,652509.96,793131.43
9.12,9.16,9.05,8.9,818491.12,-0.18,-1.95,9.158,9.115,9.125,663763.93,681501.01,790387.23
9.3,9.32,9.23,9.16,424168.38,-0.06,-0.65,9.136,9.149,9.109,610867.71,670290.49,783954.95
9.04,9.35,9.29,9.02,806783.75,0.24,2.65,9.072,9.151,9.092,621343.36,679386.26,792915.44
9.16,9.16,9.05,9.04,578953.19,-0.12,-1.31,9.002,9.147,9.071,646266.86,682043.7,809600.88
8.96,9.17,9.17,8.88,690423.19,0.23,2.57,9.022,9.18,9.058,693292.56,685560.67,823218.05
8.94,9.11,8.94,8.89,554010.06,0.03,0.34,9.072,9.203,9.048,699238.09,759107.76,833539.99
8.93,9.1,8.91,8.91,476546.62,-0.03,-0.34,9.162,9.251,9.053,729713.27,881875.59,876337.22
9.13,9.15,8.94,8.88,931401.25,-0.21,-2.29,9.23,9.271,9.04,737429.16,1009648.68,901924.02
9.42,9.5,9.15,9.11,814081.69,-0.27,-2.87,9.292,9.25,9.023,717820.54,962645.79,897142.4
9.37,9.49,9.42,9.25,720150.81,0.03,0.32,9.338,9.205,8.996,677828.77,933752.9,891995.98
9.32,9.49,9.39,9.26,706386,0.14,1.51,9.334,9.135,8.959,818977.43,899273.45,919730.37
9.3,9.36,9.25,9.18,515126.03,0,0,9.34,9.069,8.92,1034037.91,897619.41,950187.08
9.4,9.48,9.25,9.21,833358.19,-0.13,-1.39,9.312,9.032,8.912,1281868.2,906444.63,958195.76
9.44,9.47,9.38,9.33,614122.81,-0.02,-0.21,9.208,8.995,8.895,1207471.04,937158.05,972066.05
9.39,9.59,9.4,9.33,1425894.12,-0.02,-0.21,9.072,8.935,8.881,1189677.03,960875.44,993617.05
9.04,9.45,9.42,9,1781688.38,0.31,3.4,8.936,8.893,8.879,979569.47,907972.23,978530.19
8.73,9.2,9.11,8.61,1754277.5,0.38,4.35,8.798,8.854,8.881,761200.92,870798.84,949206.4
8.75,8.81,8.73,8.69,461372.41,0.03,0.34,8.752,8.809,8.918,531021.06,794199.37,894383.45
8.75,8.85,8.7,8.69,525152.75,-0.02,-0.23,8.782,8.796,8.974,666845.05,831639.01,913318.37
8.74,8.75,8.72,8.66,375356.31,-0.01,-0.12,8.798,8.787,9.035,732073.85,850239.07,925242.6
8.85,8.9,8.73,8.69,689845.62,-0.15,-1.69,8.85,8.782,9.092,836374.99,940187.29,984768.5
8.92,8.94,8.88,8.82,603378.19,0,0,8.91,8.77,9.164,980396.76,1002754.74,1012711.61
8.6,8.97,8.88,8.58,1140492.38,0.24,2.78,8.866,8.791,9.224,1057377.68,1009946.89,1025862.3
8.76,8.83,8.78,8.68,851296.75,-0.2,-2.23,8.81,8.795,9.277,996432.96,1006974.05,995366.9
9.02,9.02,8.98,8.89,896862,-0.05,-0.55,8.776,8.826,9.341,968404.29,1026358.65,998467.1
8.69,9.03,9.03,8.68,1409954.5,0.37,4.27,8.714,8.864,9.394,1043999.59,1049088.15,989692.75
8.61,8.78,8.66,8.45,988282.75,0.06,0.7,8.63,8.907,9.449,1025112.71,1027613.96,974164.02
8.62,8.73,8.6,8.55,835768.81,-0.01,-0.12,8.716,9.026,9.534,962516.1,994567.54,987881.79
8.63,8.75,8.61,8.61,711153.38,-0.06,-0.69,8.78,9.152,9.611,1017515.14,994997.74,981730.52
8.69,8.7,8.67,8.45,1274838.5,0.06,0.7,8.876,9.282,9.694,1084313.01,1000246.12,978999.89
9.05,9.05,8.61,8.55,1315520.12,-0.48,-5.28,9.014,9.402,9.774,1054176.71,1029349.71,944909.89
9.01,9.13,9.09,8.96,675299.69,0.17,1.91,9.184,9.558,9.853,1030115.21,1022668.49,908994.44
8.95,9.08,8.92,8.87,1110764,-0.17,-1.87,9.336,9.656,9.907,1026618.97,1041777.72,924597.47
9.31,9.4,9.09,9.03,1045142.75,-0.27,-2.88,9.524,9.759,9.965,972480.34,983759.75,925281.62
9.39,9.44,9.36,9.09,1124157,-0.1,-1.06,9.688,9.856,10.03,916179.24,970575.55,917499.23
9.91,9.92,9.46,9.38,1195212.62,-0.39,-3.96,9.79,9.924,10.091,1004522.71,930297.34,889761.43
9.8,9.87,9.85,9.77,657818.5,-0.01,-0.1,9.932,9.99,10.148,1015221.76,920714.07,859667.58
9.93,10.04,9.86,9.86,840070.81,-0.05,-0.51,9.976,10.042,10.186,1056936.46,981196.05,861184.26
9.87,9.95,9.91,9.76,763637.25,0.04,0.41,9.994,10.07,10.225,995039.16,968463.31,868731.53
10.05,10.15,9.87,9.82,1565874.38,-0.3,-2.95,10.024,10.105,10.273,1024971.86,957753.66,860043.26
10.08,10.29,10.17,10.06,1248707.88,0.1,0.99,10.058,10.145,10.327,856071.98,860470.06,819926.22
9.95,10.15,10.07,9.92,866392,0.12,1.21,10.048,10.147,10.366,826206.38,795320.39,786410.07
10.04,10.06,9.95,9.95,530584.31,-0.11,-1.09,10.108,10.158,10.404,905455.63,807417.23,772415.19
10.03,10.08,10.06,9.95,913300.75,0.02,0.2,10.146,10.171,10.451,941887.45,866803.5,781604.07
10.06,10.13,10.04,10,721374.94,-0.08,-0.79,10.186,10.203,10.504,890535.45,864422.92,769402.11
10.33,10.33,10.12,10.06,1099379.88,-0.25,-2.41,10.232,10.258,10.561,864868.14,849225.52,785298.22
10.2,10.46,10.37,10.18,1262638.25,0.23,2.27,10.246,10.305,10.606,764434.4,798621.1,768947.71
10.25,10.26,10.14,10.1,712743.44,-0.12,-1.17,10.208,10.329,10.638,709378.83,741172.47,733452.59
10.29,10.3,10.26,10.11,656540.75,-0.01,-0.1,10.196,10.38,10.679,791719.54,768999.76,729198.22
10.23,10.31,10.27,10.15,593038.38,0.08,0.79,10.22,10.44,10.717,838310.38,762332.86,765036.47
10.15,10.29,10.19,10.07,597211.19,0.01,0.1,10.284,10.508,10.744,833582.89,779382.39,784100.03
10.11,10.19,10.18,10.02,987360.38,0.1,0.99,10.364,10.585,10.768,832807.79,777499.74,789764.95
10.29,10.29,10.08,10.05,1124447,-0.3,-2.89,10.45,10.649,10.797,772966.11,737413.14,804464.71
10.58,10.63,10.38,10.35,889494.94,-0.21,-1.98,10.564,10.731,10.837,746279.98,696404.65,807768.52
10.58,10.66,10.59,10.51,569400.94,0,0,10.66,10.805,10.86,686355.35,674381.3,898783.56
10.61,10.67,10.59,10.55,593335.69,-0.02,-0.19,10.732,10.864,10.902,725181.89,721370.92,914025.31
10.66,10.68,10.61,10.58,688152,-0.04,-0.38,10.806,10.906,10.956,722191.7,739274.32,920872.85
10.82,10.82,10.65,10.62,991016.31,-0.21,-1.93,10.848,10.946,11.019,701860.17,725732.71,959520.2
10.95,10.98,10.86,10.79,589871.81,-0.09,-0.82,10.898,10.978,11.065,646529.32,689396.69,963483.85
11.07,11.11,10.95,10.93,763533.62,-0.01,-0.09,10.95,10.993,11.089,662407.25,767740.07,981924.79
10.81,10.97,10.96,10.76,578384.75,0.14,1.29,10.996,10.979,11.115,717559.95,788817.68,986204.7
10.91,10.94,10.82,10.78,586494.38,-0.08,-0.73,11.006,10.951,11.142,756356.94,802030.15,1031077.73
11.07,11.07,10.9,10.89,714362.06,-0.22,-1.98,11.044,10.944,11.162,749605.24,871516.27,1066847.59
11.18,11.19,11.12,11.02,669261.44,-0.06,-0.54,11.058,10.942,11.172,732264.05,919132.39,1102483.12
11.09,11.23,11.18,11.03,1039297.12,0.17,1.54,11.036,10.915,11.194,873072.89,1123185.82,1134032.85
11.04,11.13,11.01,10.96,772369.69,0,0,10.962,10.939,11.211,860075.4,1106679.71,1140724.4
11.03,11.09,11.01,10.91,552735.88,0.04,0.36,10.896,11.006,11.252,847703.36,1102471.39,1206904.43
10.98,11.03,10.97,10.88,627656.12,-0.04,-0.36,10.844,11.091,11.273,993427.31,1193307.69,1248815.18
10.83,11.15,11.01,10.8,1373305.62,0.2,1.85,10.826,11.151,11.275,1106000.74,1237571.01,1271172.16
10.7,10.83,10.81,10.64,974309.69,0.13,1.22,10.794,11.185,11.268,1373298.76,1196109.51,1282631.32
10.73,10.83,10.68,10.66,710509.5,-0.07,-0.65,10.916,11.251,11.256,1353284.01,1183591.73,1278453.12
10.86,10.88,10.75,10.57,1281355.62,-0.13,-1.2,11.116,11.333,11.257,1357239.41,1260125.3,1298393.46
10.97,11.03,10.88,10.8,1190523.25,0.03,0.28,11.338,11.379,11.265,1393188.06,1262178.9,1271934.36
11.49,11.51,10.85,10.63,2709795.75,-0.57,-4.99,11.476,11.401,11.273,1369141.29,1285833.85,1278938.32
11.66,11.69,11.42,11.31,874235.94,-0.26,-2.23,11.576,11.473,11.275,1018920.26,1144879.88,1198399.7
11.76,11.81,11.68,11.63,730286.5,-0.18,-1.52,11.586,11.483,11.251,1013899.44,1174769.09,1209884.59
11.63,11.94,11.86,11.58,1461098.88,0.29,2.51,11.55,11.498,11.214,1163011.19,1311337.48,1242550.19
11.3,11.61,11.57,11.26,1070289.38,0.22,1.94,11.42,11.454,11.188,1131169.74,1304322.67,1260779.78
11.51,11.58,11.35,11.2,958690.62,-0.12,-1.05,11.326,11.399,11.192,1202526.41,1304773.31,1256479.23
11.52,11.69,11.47,11.42,849131.81,-0.03,-0.26,11.37,11.351,11.22,1270839.49,1369153.12,1280800.17
11.45,11.61,11.5,11.28,1475845.25,0.29,2.59,11.38,11.26,11.237,1335638.75,1373314.51,1277151.08
11.12,11.45,11.21,11.11,1301891.62,0.11,0.99,11.446,11.181,11.254,1459663.77,1336661.62,1243785.76
11.47,11.47,11.1,11.03,1427072.75,-0.47,-4.06,11.488,11.15,11.275,1477475.6,1281689.83,1226840.35
11.64,11.79,11.57,11.45,1300256,0.05,0.43,11.472,11.145,11.306,1407020.2,1272042.79,1213271.45
11.8,11.83,11.52,11.42,1173128.12,-0.31,-2.62,11.332,11.077,11.323,1467466.75,1251919.53,1180038.35
11.39,11.92,11.83,11.38,2095970.38,0.41,3.59,11.14,11.019,11.348,1410990.26,1245000.08,1175495.31
11.02,11.46,11.42,10.97,1390950.75,0.4,3.63,10.916,10.929,11.358,1213659.46,1173762.89,1134131.86
10.8,11.1,11.02,10.73,1074795.75,0.15,1.38,10.812,10.921,11.392,1085904.05,1217236.89,1111778.17
10.68,11.01,10.87,10.6,1602488.75,0.31,2.94,10.818,10.985,11.446,1137065.38,1208185.15,1092526.13
10.6,10.67,10.56,10.51,890745.69,-0.15,-1.4,10.822,11.088,11.505,1036372.3,1192447.23,1083780.21
10.87,10.99,10.71,10.7,1109316.38,-0.19,-1.74,10.898,11.214,11.582,1079009.89,1180987.66,1096751.05
11.04,11.05,10.9,10.88,752173.69,-0.15,-1.36,10.942,11.326,11.64,1133866.31,1150909.9,1078994.39
10.92,11.17,11.05,10.55,1330602.38,0.16,1.47,11.03,11.4,11.692,1348569.73,1171990.86,1074541.91
10.85,11.14,10.89,10.79,1099023.38,-0.05,-0.46,11.152,11.466,11.742,1279304.93,1154500.1,1052359.65
11.1,11.17,10.94,10.86,1103933.62,0.01,0.09,11.354,11.569,11.8,1348522.15,1108157.18,1058115.76
11.15,11.2,10.93,10.86,1383598.5,-0.41,-3.62,11.53,11.677,11.867,1282965.43,1105990.55,1067212.53
11.25,11.35,11.34,10.92,1825690.75,-0.32,-2.74,11.71,11.787,11.952,1167953.48,1094500.83,1050320.54
11.9,11.97,11.66,11.62,984278.38,-0.24,-2.02,11.77,11.862,12.015,995412,1006319.45,1009719.17
11.95,12.12,11.9,11.85,1445109.5,0.08,0.68,11.78,11.907,12.055,1029695.28,976867.11,1023925.55
11.74,11.88,11.82,11.72,776150,-0.01,-0.09,11.784,11.922,12.06,867792.2,975113.19,994879.59
11.66,11.84,11.83,11.61,808538.75,0.19,1.63,11.824,11.95,12.066,929015.68,1012514.44,1020981.03
11.72,11.85,11.64,11.64,962983.38,-0.07,-0.6,11.864,11.953,12.061,1021048.18,1007078.88,1041993.21
11.79,11.85,11.71,11.66,1155694.75,-0.21,-1.76,11.954,11.984,12.063,1017226.89,977092.96,1135091.53
11.98,12,11.92,11.83,635594.12,-0.1,-0.83,12.034,12.017,12.105,924038.95,950219.2,1184197.54
12.04,12.22,12.02,12,1082267.38,-0.01,-0.08,12.06,12.03,12.155,1082434.18,1008074.35,1319703.68
12.15,12.17,12.03,11.95,1268701.25,-0.06,-0.5,12.076,12.056,12.254,1096013.2,1028434.51,1394733.92
12.15,12.2,12.09,11.98,943876.94,-0.02,-0.17,12.042,12.116,12.38,993109.57,1006140.26,1447898.75
12.05,12.15,12.11,11.95,689755.06,0.06,0.5,12.014,12.168,12.478,936959.02,1013118.89,1459530.54
12.15,12.34,12.05,12.04,1427570.25,-0.05,-0.41,12,12.203,12.574,976399.45,1070983.99,1525323.53
11.95,12.11,12.1,11.77,1150162.5,0.24,2.02,12,12.198,12.674,933714.52,1014645.99,1541331.47
11.93,12.08,11.86,11.8,754183.12,-0.09,-0.75,12.036,12.182,12.751,960855.82,1029447.62,1538560.34
11.92,12.04,11.95,11.85,663124.19,-0.09,-0.75,12.19,12.168,12.845,1019170.95,1076907.54,1605378.52
11.92,12.15,12.04,11.9,886957.19,-0.01,-0.08,12.322,12.142,12.95,1089278.75,1293090.1,1673871.74
12.1,12.19,12.05,11.93,1214145.62,-0.23,-1.87,12.406,12.192,13.058,1165568.54,1418175.88,1748023.12
12.64,12.7,12.28,12.19,1285869,-0.35,-2.77,12.396,12.279,13.188,1095577.46,1631333.02,1816880.45
12.77,12.85,12.63,12.45,1045758.75,0.02,0.16,12.328,12.451,13.306,1098039.41,1761033.32,1872026.59
12.58,12.79,12.61,12.45,1013663.19,0.15,1.2,12.146,12.643,13.397,1134644.14,1889657.24,1923432.02
12.25,12.53,12.46,12.25,1268406.12,0.46,3.83,11.962,12.787,13.506,1496901.45,1905942.2,2001306.19
11.96,12.03,12,11.76,864190.25,0.06,0.5,11.978,12.944,13.619,1670783.23,1979663.06,2045287.24
11.87,12.21,11.94,11.84,1298178.75,0.22,1.88,12.162,13.149,13.731,2167088.58,2068016.95,2134892.43
11.78,11.84,11.72,11.56,1228782.38,0.03,0.26,12.574,13.32,13.844,2424027.23,2047673.06,2192210.94
12.08,12.08,11.69,11.38,2824949.75,-0.85,-6.78,13.14,13.522,13.968,2644670.35,2133849.5,2286891.54
12.83,12.92,12.54,12.53,2137815,-0.38,-2.94,13.612,13.758,14.061,2314982.95,2054653.39,2213343.63
14.22,14.3,12.92,12.76,3345717,-1.08,-7.71,13.91,13.924,14.104,2288542.9,2077870.36,2178646.76
14.23,14.33,14,13.93,2582872,-0.55,-3.78,14.136,14.096,14.131,1968945.32,2002427.89,2131524.79
13.8,14.57,14.55,13.73,2331998,0.5,3.56,14.066,14.161,14.085,1671318.9,1983019.86,2069598.44
13.91,14.1,14.05,13.63,1176512.75,0.02,0.14,13.904,14.15,14.006,1623028.65,1957206.79,2060929.58
13.95,14.3,14.03,13.84,2005614.75,-0.02,-0.14,13.904,14.225,13.968,1794323.82,2096670.19,2062619.58
13.6,14.05,14.05,13.53,1747729.12,0.4,2.93,13.938,14.294,13.929,1867197.82,2110911.41,2055064.32
13.7,13.84,13.65,13.55,1094739.88,-0.09,-0.66,14.056,14.312,13.893,2035910.45,2201767.9,2115802.78
14.05,14.25,13.74,13.6,2090546.75,-0.31,-2.21,14.256,14.367,13.896,2294720.82,2336748.81,2165145.41
14.18,14.34,14.05,14.02,2032988.62,-0.15,-1.06,14.396,14.413,13.874,2291384.92,2439933.59,2109763.84
14.45,14.47,14.2,14,2369984.75,-0.44,-3,14.546,14.363,13.832,2399016.55,2372033.86,2085765.93
14.66,15.08,14.64,14.5,2591292.25,-0.01,-0.07,14.65,14.283,13.786,2354625,2279423.16,2035595.03
14.36,14.9,14.65,14.33,2388791.75,0.21,1.45,14.568,14.166,13.737,2367625.35,2260621.69,1962214.84
14.6,14.94,14.44,14.43,2073867.25,-0.36,-2.43,14.478,14.009,13.667,2378776.8,2156177.03,1922053.62
14.8,15.13,14.8,14.68,2571146.75,0.08,0.54,14.43,13.861,13.621,2588482.25,2164652.38,1855505.3
14.4,14.72,14.72,14.28,2148027,0.49,3.44,14.18,13.711,13.558,2345051.18,2028568.98,1801208.14
14.33,14.8,14.23,14.2,2656294,0.03,0.21,13.916,13.564,13.485,2204221.33,1999217.23,1749119.04
14.17,14.38,14.2,14.02,2444549,0,0,13.764,13.474,13.438,2153618.03,2029837.65,1736201.49
13.51,14.33,14.2,13.5,3122394.5,0.65,4.8,13.54,13.424,13.365,1933577.25,1993542,1654247.27
13.45,13.68,13.55,13.41,1353991.38,0.15,1.12,13.292,13.334,13.291,1740822.5,1779594.1,1553125.17
13.41,13.59,13.4,13.27,1443877.75,-0.07,-0.52,13.242,13.3,13.264,1712086.77,1799498,1535525.5
13.04,13.49,13.47,12.92,2403277.5,0.39,2.98,13.212,13.289,13.25,1794213.12,1791766.9,1527794.02
12.96,13.2,13.08,12.92,1344345.12,0.12,0.93,13.184,13.308,13.228,1906057.27,1663808,1494800.43
13.25,13.29,12.96,12.86,2158620.75,-0.34,-2.56,13.308,13.325,13.249,2053506.75,1687930.21,1540680.81
13.21,13.35,13.3,13.15,1210312.75,0.05,0.38,13.376,13.381,13.255,1818365.7,1546358.23,1500315.52
13.32,13.37,13.25,13.13,1854509.5,-0.08,-0.6,13.358,13.405,13.232,1886909.23,1573847.31,1498897.78
13.73,13.86,13.33,13.2,2962498.25,-0.37,-2.7,13.366,13.406,13.223,1789320.68,1499020.86,1487164.55
13.35,13.93,13.7,13.32,2081592.5,0.4,3.01,13.432,13.401,13.222,1421558.73,1442565.33,1425223.7
13.21,13.43,13.3,13.1,982915.5,0.09,0.68,13.342,13.306,13.202,1322353.68,1314952.53,1393845.25
13.28,13.46,13.21,13.02,1553030.38,-0.08,-0.6,13.386,13.248,13.187,1274350.76,1326656.23,1433946.13
13.58,13.78,13.29,13.19,1366566.75,-0.37,-2.71,13.452,13.227,13.195,1260785.39,1271552.99,1425276.4
13.26,13.69,13.66,13.19,1123688.5,0.41,3.09,13.446,13.211,13.222,1208721.04,1263821.13,1435152.8
13.52,13.86,13.25,13.16,1585567.25,-0.27,-2,13.37,13.147,13.224,1463571.94,1325792.86,1467290
13.5,13.63,13.52,13.45,742900.94,-0.02,-0.15,13.27,13.172,13.258,1307551.39,1393431.41,1491215.9
13.18,13.68,13.54,13.16,1485203.5,0.28,2.11,13.11,13.129,13.31,1378961.7,1454272.81,1585580.33
13.2,13.31,13.26,13.13,1106245,-0.02,-0.15,13.002,13.058,13.35,1282320.6,1423948.25,1632777.26
12.79,13.32,13.28,12.74,2397943,0.53,4.16,12.976,13.04,13.442,1318921.22,1475308.25,1705976.58
12.73,12.91,12.75,12.64,805464.5,0.03,0.24,12.924,13.042,13.501,1188013.77,1407882.08,1710845.82
12.9,12.93,12.72,12.67,1099952.5,-0.28,-2.15,13.074,13.097,13.576,1479311.42,1472737.98,1812768.88
13.15,13.31,13,12.91,1001998,-0.13,-0.99,13.148,13.125,13.599,1529583.92,1541236.04,1860978.74
13,13.2,13.13,12.88,1289248.12,0.11,0.84,13.114,13.163,13.604,1565575.9,1578999.8,1870919.58
13.4,13.48,13.02,13.02,1743405.75,-0.48,-3.56,13.104,13.232,13.592,1631695.28,1606484.48,1869609.79
13.08,13.57,13.5,12.88,2261952.75,0.41,3.13,13.16,13.3,13.589,1627750.38,1608787.15,1871454.62
12.89,13.09,13.09,12.75,1351315,0.26,2.03,13.12,13.343,13.559,1466164.53,1589000.4,1886702.29
13.05,13.14,12.83,12.75,1181957.88,-0.25,-1.91,13.102,13.49,13.519,1552888.15,1716887.85,1907014.16
13.26,13.27,13.08,12.79,1619845,-0.22,-1.65,13.212,13.642,13.494,1592423.7,1841606.26,1962680.73
13.15,13.49,13.3,13.1,1723681.25,0,0,13.36,13.844,13.447,1581273.67,1936644.91,2094829.76
13.05,13.37,13.3,13,1454023.5,0.3,2.31,13.44,13.959,13.378,1589823.92,2013809.56,2132503.86
13.4,13.48,13,12.96,1784933.12,-0.38,-2.84,13.566,14.054,13.277,1711836.27,2152799.79,2111297.82
13.7,13.73,13.38,13.26,1379635.62,-0.44,-3.18,13.878,14.072,13.196,1880887.55,2180721.45,2059218.33
13.73,13.93,13.82,13.47,1564094.88,0.12,0.88,14.072,14.044,13.104,2090788.83,2162839.36,2020451.97
13.85,13.85,13.7,13.4,1766432.5,-0.23,-1.65,14.328,13.952,12.983,2292016.15,2132735.1,1976878.12
14.3,14.3,13.93,13.75,2064085.25,-0.63,-4.33,14.478,13.877,12.875,2437795.2,2134122.09,1919931.07
14.29,14.59,14.56,13.78,2630189.5,0.21,1.46,14.542,13.774,12.757,2593763.3,2184404.19,1880639.15
15.15,15.24,14.35,14.07,2429142,-0.75,-4.97,14.266,13.548,12.607,2480555.35,2097140.48,1817134
14.48,15.24,15.1,14.48,2570231.5,0.65,4.5,14.016,13.346,12.448,2234889.9,2083755.2,1742126.7
14.07,14.79,14.45,14.01,2495327.75,0.2,1.4,13.576,13.049,12.257,1973454.05,2253014.6,1634543.81
13.13,14.25,14.25,13.05,2843925.75,1.07,8.12,13.276,12.796,12.104,1830448.98,2251198.15,1540721.02
13.17,13.46,13.18,13.03,2064149.75,0.08,0.61,13.006,12.499,11.951,1775045.08,2069795.86,1452247.98
12.9,13.12,13.1,12.67,1200814.75,0.2,1.55,12.83,12.32,11.866,1713725.6,1937715.2,1372130.89
12.9,13.13,12.9,12.77,1263052.25,-0.05,-0.39,12.676,12.164,11.792,1932620.5,1878064.58,1348228.4
12.95,13.26,12.95,12.81,1780302.38,0.05,0.39,12.522,12.014,11.732,2532575.15,1821021.15,1328644.05
12.35,13.1,12.9,12.35,2566906.25,0.6,4.88,12.316,11.873,11.66,2671947.33,1705740.05,1264947.55
12.37,12.55,12.3,12.15,1757552.38,-0.03,-0.24,11.992,11.739,11.594,2364546.64,1576874.12,1188414.77
12.2,12.57,12.33,12.15,2295289.25,0.2,1.65,11.81,11.665,11.547,2161704.8,1537127.52,1137405.95
12,12.59,12.13,11.93,4262825.5,0.21,1.76,11.652,11.55,11.508,1823508.65,1400498.2,1051544.75
11.27,12.09,11.92,11.25,2477163.25,0.64,5.67,11.506,11.464,11.478,1109467.14,1016073.01,871307.36
11.42,11.42,11.28,11.09,1029902.81,-0.11,-0.97,11.43,11.411,11.456,739532.76,830243.88,784845.46
11.49,11.68,11.39,11.35,743343.19,-0.15,-1.3,11.486,11.402,11.457,789201.6,834700.1,799611.68
11.36,11.58,11.54,11.26,604308.5,0.14,1.23,11.52,11.411,11.443,912550.24,806546.59,796558.52
11.56,11.59,11.4,11.32,692617.94,-0.14,-1.21,11.448,11.42,11.41,977487.75,818392.22,792204.1
11.55,11.58,11.54,11.39,627491.38,-0.02,-0.17,11.422,11.449,11.386,922678.88,836266.96,793932.61
11.55,11.73,11.56,11.45,1278247,0,0,11.392,11.446,11.362,920954.99,824155.06,810931.09
11.19,11.56,11.56,11.18,1360086.38,0.38,3.4,11.318,11.449,11.348,880198.59,799955.42,773638.29
11.25,11.32,11.18,11.12,928996.06,-0.09,-0.8,11.302,11.429,11.342,700542.94,737684.38,735330.35
11.36,11.37,11.27,11.25,418573.59,-0.12,-1.05,11.392,11.466,11.356,659296.69,702591.31,723500.95
11.2,11.42,11.39,11.18,618871.94,0.2,1.79,11.476,11.492,11.357,749855.04,726541.71,741930
11.39,11.4,11.19,11.15,1074465,-0.29,-2.53,11.5,11.5,11.344,727355.12,739447.04,749197.04
11.59,11.59,11.48,11.41,461808.09,-0.15,-1.29,11.58,11.511,11.347,719712.24,764523.26,725854.44
11.64,11.72,11.63,11.57,722764.81,-0.06,-0.51,11.556,11.474,11.338,774825.82,786570.46,735068.77
11.53,11.7,11.69,11.51,871365.38,0.18,1.56,11.54,11.399,11.322,745885.92,766015.98,743084.92
11.62,11.65,11.51,11.48,506372.31,-0.08,-0.69,11.508,11.323,11.309,703228.37,751598.26,732928.52
11.36,11.6,11.59,11.29,1036250.62,0.23,2.02,11.5,11.277,11.311,751538.96,797707.12,749919.08
11.56,11.56,11.36,11.25,737376,-0.19,-1.65,11.442,11.247,11.3,809334.29,747321.16,733080.18
11.54,11.58,11.55,11.47,578065.31,0.02,0.17,11.392,11.255,11.307,798315.1,732976.32,720275.19
11.48,11.58,11.53,11.34,658077.62,0.06,0.52,11.258,11.246,11.301,786146.04,744410.59,722081.29
11.33,11.5,11.47,11.33,747925.25,0.17,1.5,11.138,11.222,11.31,799968.15,757318.3,728758.48
11.57,11.64,11.3,11.26,1325227.25,0.19,1.71,11.054,11.188,11.318,843875.28,758947.04,755738.16
10.92,11.16,11.11,10.86,682280.06,0.23,2.11,11.052,11.183,11.339,685308.04,687185.61,757093.08
10.98,10.98,10.88,10.82,517220,-0.05,-0.46,11.118,11.201,11.344,667637.55,683567.08,770977.92
11.01,11.08,10.93,10.9,727188.19,-0.12,-1.09,11.234,11.245,11.364,702675.14,720153.86,802706.24
11.26,11.3,11.05,10.96,967460.88,-0.24,-2.13,11.306,11.295,11.389,714668.45,714258.78,821180.57
11.44,11.45,11.29,11.18,532391.06,-0.15,-1.31,11.322,11.344,11.42,674018.8,702131.04,840706.71
11.43,11.52,11.44,11.31,593927.62,-0.02,-0.17,11.314,11.353,11.423,689063.17,718839.21,894284.07
11.26,11.51,11.46,11.2,692407.94,0.17,1.51,11.284,11.358,11.407,699496.61,707574.06,912784.69
11.14,11.37,11.29,11.05,787154.75,0.16,1.44,11.256,11.356,11.38,737632.57,699751.99,924376.72
11.25,11.34,11.13,11.08,764212.62,-0.12,-1.07,11.284,11.397,11.361,713849.11,700198.67,950976.58
11.25,11.32,11.25,11.2,607612.94,-0.04,-0.35,11.366,11.448,11.337,730243.28,752529.28,956550.04
11.29,11.32,11.29,11.15,646094.81,-0.03,-0.27,11.392,11.495,11.297,748615.24,827000.55,946127.13
11.43,11.59,11.32,11.24,883087.75,-0.11,-0.96,11.432,11.487,11.255,715651.51,858388.75,944648.41
11.49,11.54,11.43,11.34,668237.44,-0.11,-0.95,11.456,11.483,11.21,661871.41,885258.63,928176.13
11.38,11.54,11.54,11.27,846183.44,0.16,1.41,11.51,11.483,11.155,686548.22,928102.36,932604.56
11.54,11.69,11.38,11.3,699472.75,-0.11,-0.96,11.53,11.496,11.094,774815.28,979282.38,944053.51
11.46,11.64,11.49,11.38,481276.16,0.05,0.44,11.598,11.493,11.036,905385.86,1069728.93,966963.1
11.65,11.75,11.44,11.39,614187.25,-0.26,-2.22,11.542,11.455,10.962,1001126,1117995.31,1064931.45
11.59,11.88,11.7,11.48,791621.5,0.06,0.52,11.51,11.404,10.921,1108645.85,1149001.45,1082216.09
11.68,11.94,11.64,11.6,1287518.75,-0.08,-0.68,11.456,11.324,10.873,1169656.5,1201754.49,1094751.11
11.18,11.72,11.72,11.17,1352325.62,0.51,4.55,11.462,11.225,10.843,1183749.47,1160570.79,1064853.54
11.28,11.39,11.21,11.15,959976.88,-0.07,-0.62,11.388,11.099,10.807,1234072,1065253.72,1040269.47
11.39,11.44,11.28,11.15,1151786.5,-0.15,-1.31,11.368,11.022,10.805,1234864.62,1030908.07,1059968.2
11.68,11.7,11.43,11.35,1096674.75,-0.24,-2.06,11.298,10.936,10.792,1189357.05,971093.63,1051589.85
11.3,11.74,11.67,11.28,1357983.62,0.32,2.82,11.192,10.827,10.778,1233852.47,937106.76,1099859.57
11.1,11.54,11.35,11.1,1603938.25,0.24,2.16,10.988,10.691,10.746,1137392.11,908824.63,1133745.88
10.94,11.17,11.11,10.9,963940,0.18,1.65,10.81,10.578,10.712,896435.44,864197.27,1132342.19
10.89,11.11,10.93,10.84,924248.62,0.03,0.28,10.676,10.469,10.694,826951.51,1011867.59,1125104.95
10.63,10.98,10.9,10.59,1319151.88,0.25,2.35,10.574,10.438,10.677,752830.21,1015430.73,1138617.04
10.48,10.66,10.65,10.37,875681.81,0.19,1.82,10.462,10.421,10.669,640361.04,987747.73,1157530.05
10.43,10.52,10.46,10.39,399154.88,0.02,0.19,10.394,10.461,10.686,680257.15,969136.29,1211484.38
10.36,10.6,10.44,10.29,616520.38,0.02,0.19,10.346,10.515,10.711,831959.1,1015285.23,1276159.86
10.35,10.42,10.42,10.29,553642.12,0.08,0.77,10.262,10.588,10.733,1196783.67,1089028.34,1320384.84
10.29,10.37,10.34,10.15,756806,0.03,0.29,10.302,10.647,10.761,1278031.25,1132086.06,1369569.66
10.24,10.51,10.31,10.21,1075162.38,0.09,0.88,10.38,10.728,10.798,1335134.41,1262612.38,1428383.16
10.13,10.25,10.22,10.04,1157664.62,0.2,2,10.528,10.801,10.835,1258015.42,1358667.13,1492096.63
10.48,10.54,10.02,9.99,2440643.25,-0.6,-5.65,10.684,10.846,10.865,1198611.35,1400487.1,1597869.56
10.7,10.82,10.62,10.54,959880,-0.11,-1.02,10.914,10.918,10.909,981273,1238342.31,1561965.91
10.96,11.02,10.73,10.68,1042321.81,-0.32,-2.9,10.992,10.915,10.923,986140.88,1261803.35,1663698.63
11,11.11,11.05,10.91,689567.44,0.05,0.46,11.076,10.916,10.903,1190090.34,1327312.38,1761524.75
11.06,11.17,11,10.9,860644.25,-0.17,-1.52,11.074,10.911,10.863,1459318.83,1453832.48,1917650.72
11,11.29,11.17,10.93,1353951.5,0.16,1.45,11.008,10.906,10.793,1602362.85,1537034.5,1942659.3
11.14,11.22,11.01,10.97,984219.38,-0.14,-1.26,10.922,10.878,10.708,1495411.63,1551741.35,1912980.21
11.05,11.34,11.15,10.96,2062069.12,0.11,1,10.838,10.874,10.627,1537465.83,1607053.26,1900714.83
10.64,11.08,11.04,10.6,2035709.88,0.37,3.47,10.756,10.868,10.538,1464534.43,1594153.94,1825997.37
10.8,10.82,10.67,10.45,1575864.38,-0.07,-0.65,10.748,10.869,10.453,1448346.13,1625526.13,1748630.01
10.61,10.81,10.74,10.58,819195.38,0.15,1.42,10.804,10.883,10.39,1471706.15,1795252.01,1689254.26
10.72,10.77,10.59,10.53,1194490.38,-0.15,-1.4,10.834,10.899,10.322,1608071.08,1885589.5,1673276.16
10.92,11.18,10.74,10.66,1697412.12,-0.26,-2.36,10.91,10.93,10.264,1676640.7,2065593.91,1637991.87
10.98,11.27,11,10.95,1954768.38,0.05,0.46,10.98,10.89,10.199,1723773.45,2195737.13,1611561.08
10.82,11.06,10.95,10.73,1692664.5,0.06,0.55,10.99,10.815,10.117,1802706.13,2381468.96,1541123.46
10.83,10.95,10.89,10.69,1501020,0.08,0.74,10.962,10.679,10.034,2118797.88,2348284.1,1492028.73
11.08,11.22,10.97,10.91,1537338.5,-0.12,-1.08,10.964,10.537,9.952,2163107.93,2274219.06,1446177.95
10.99,11.19,11.09,10.88,1933075.88,0.04,0.36,10.95,10.38,9.866,2454547.13,2194376.39,1440658.93
10.75,11.14,11.05,10.62,2349431.75,0.24,2.22,10.8,10.208,9.769,2667700.8,2057840.81,1368851.75
10.95,11.33,10.81,10.72,3273123.25,-0.09,-0.83,10.64,10.037,9.673,2960231.8,1871733.88,1267060.94
10.81,10.94,10.9,10.66,1722570.25,0,0,10.396,9.896,9.589,2577770.33,1583256.5,1127890.02
10.3,10.9,10.9,10.24,2994534.5,0.56,5.42,10.11,9.745,9.495,2385330.2,1460962.82,1056061.06
10.27,10.58,10.34,10.2,2998844.25,0.09,0.88,9.81,9.598,9.402,1934205.66,1210389.83,923224.23
9.61,10.46,10.25,9.61,3812086.75,0.66,6.88,9.616,9.507,9.339,1447980.81,1027385.03,792054.23
9.45,9.66,9.59,9.44,1360815.88,0.12,1.27,9.434,9.418,9.282,783235.97,700777.96,623871.64
9.37,9.48,9.47,9.34,760369.62,0.07,0.74,9.396,9.389,9.258,588742.67,635773.37,581059.76
9.36,9.41,9.4,9.31,738911.81,0.03,0.32,9.38,9.367,9.242,536595.44,618136.84,577314.68
9.29,9.38,9.37,9.27,567720,0.03,0.32,9.386,9.352,9.229,486573.99,686941.48,559519.31
9.4,9.41,9.34,9.3,488362.53,-0.06,-0.64,9.398,9.33,9.217,606789.24,679862.69,563419.47
9.4,9.43,9.4,9.34,388349.38,0.01,0.11,9.402,9.308,9.202,618319.96,662388,556768.42
9.4,9.43,9.39,9.31,499633.47,-0.04,-0.42,9.382,9.281,9.183,682804.07,672523.54,569057.59
9.43,9.45,9.43,9.37,488804.56,0,0,9.354,9.244,9.172,699678.25,651159.3,582613.77
9.35,9.49,9.43,9.33,1168796.25,0.07,0.75,9.318,9.205,9.16,887308.96,636058.63,586482.68
9.3,9.39,9.36,9.27,546016.12,0.06,0.65,9.262,9.17,9.149,752936.15,556723.44,579703.41
9.26,9.4,9.3,9.26,710769.94,0.05,0.54,9.214,9.146,9.136,706456.04,546965.32,552403.21
9.23,9.27,9.25,9.16,584004.38,0,0,9.18,9.127,9.126,662243.02,526346.14,561633
9.15,9.4,9.25,9.14,1426958.12,0.1,1.09,9.134,9.117,9.119,602640.35,536492.51,613509.96
9.17,9.18,9.15,9.11,496932.19,0.03,0.33,9.092,9.105,9.097,384808.3,432097.15,568780.89
9.12,9.16,9.12,9.09,313615.59,-0.01,-0.11,9.078,9.103,9.079,360510.72,446976.25,583936.29
9.03,9.15,9.13,9.02,489704.81,0.11,1.22,9.078,9.095,9.057,387474.6,451148.85,602211.51
9.04,9.08,9.02,9.01,285991.03,-0.02,-0.22,9.074,9.085,9.035,390449.27,465591.64,592439.81
9.08,9.08,9.04,9.03,337797.88,-0.04,-0.44,9.1,9.1,9.02,470344.68,514068.24,589510.32
9.12,9.13,9.08,9.04,375444.31,-0.04,-0.44,9.118,9.115,9.007,479385.99,536906.73,593487.32
9.11,9.14,9.12,9.05,448434.97,0.01,0.11,9.128,9.127,8.995,533441.78,602683.39,600958.72
9.15,9.19,9.11,9.1,504578.16,-0.04,-0.44,9.112,9.126,8.982,514823.09,557841.09,605365.88
9.15,9.22,9.15,9.12,685468.06,0.02,0.22,9.096,9.125,8.971,540734,596919.85,626035.39
9.11,9.15,9.13,9.08,383004.47,0,0,9.1,9.12,8.949,557791.8,690527.41,616944.16
9.02,9.15,9.13,9.01,645723.25,0.09,1,9.112,9.088,8.926,594427.46,705464.63,626447.82
9.01,9.06,9.04,8.99,355341.53,0.01,0.11,9.126,9.054,8.901,671924.99,720896.32,610371.38
9.13,9.17,9.03,8.99,634132.69,-0.14,-1.53,9.14,9.018,8.878,600859.09,753274.18,615608.8
9.18,9.29,9.17,9.14,770757.06,-0.02,-0.22,9.154,8.984,8.858,653105.7,719287.99,615087.21
9.2,9.23,9.19,9.12,566182.75,-0.01,-0.11,9.14,8.94,8.836,823263.01,664952.4,611375.21
9.1,9.23,9.2,9.06,1033210.94,0.1,1.1,9.064,8.898,8.822,816501.8,650067.92,597081.61
9.11,9.11,9.11,9.11,12,0.01,0.11,8.982,8.862,8.809,769867.65,599234.06,560972.36
9.08,9.13,9.1,9.04,895365.75,0,0,8.896,8.837,8.803,905689.26,652890.68,575294.08
8.79,9.14,9.1,8.78,1621543.62,0.29,3.29,8.814,8.817,8.797,785470.28,655150.92,549895.42
8.78,8.83,8.81,8.68,532376.69,0.02,0.23,8.74,8.777,8.791,506641.78,543360.92,487925.59
8.67,8.84,8.79,8.64,800040.19,0.11,1.27,8.732,8.763,8.801,483634.04,547431.02,480203.43
8.68,8.73,8.68,8.61,679120.06,-0.01,-0.12,8.742,8.748,8.808,428600.47,499846.44,459951.18
8.74,8.76,8.69,8.68,294270.84,-0.04,-0.46,8.778,8.737,8.822,400092.09,477943.43,442265.59
8.72,8.77,8.73,8.71,227401.12,-0.04,-0.46,8.82,8.731,8.834,524831.56,510886.42,449433.55
8.81,8.81,8.77,8.75,417338,-0.07,-0.79,8.814,8.732,8.843,580080.05,557798.02,478046.92
8.84,8.85,8.84,8.73,524872.31,-0.02,-0.23,8.794,8.746,8.857,611227.99,544095.29,473948.87
8.89,8.95,8.86,8.81,536578.19,-0.04,-0.45,8.754,8.756,8.87,571092.42,522710.67,474299.86
8.68,8.9,8.9,8.64,917968.19,0.2,2.3,8.696,8.769,8.881,555794.76,497697.49,471995.97
8.65,8.72,8.7,8.6,503643.56,0.03,0.35,8.642,8.776,8.892,496941.28,444639.93,443969.69
8.63,8.8,8.67,8.62,573077.69,0.03,0.35,8.65,8.805,8.913,535515.98,432490.27,441554.34
8.56,8.64,8.64,8.55,324194.47,0.07,0.82,8.698,8.838,8.937,476962.59,412975.84,443522.35
8.6,8.62,8.57,8.54,460089.88,-0.06,-0.69,8.758,8.867,8.964,474328.92,420055.92,447379.83
8.74,8.76,8.63,8.58,623700.81,-0.11,-1.26,8.842,8.907,8.995,439600.22,406587.75,450117.57
8.89,8.89,8.74,8.72,696517.06,-0.17,-1.91,8.91,8.936,9.024,392338.57,387980.67,440652.1
8.92,8.93,8.91,8.89,280310.75,-0.03,-0.34,8.96,8.953,9.047,329464.56,398295.82,430783.75
8.96,8.96,8.94,8.9,311026.09,-0.05,-0.56,8.978,8.967,9.06,348989.09,403802.44,448424.28
8.96,8.99,8.99,8.92,286446.38,0.02,0.22,8.976,8.983,9.067,365782.93,425889.05,467237.25
8.97,8.98,8.97,8.91,387392.56,-0.02,-0.22,8.972,8.992,9.073,373575.28,446294.46,482971.96
9,9.01,8.99,8.96,382147.03,-0.01,-0.11,8.962,9.007,9.081,383622.77,443299.46,487670.97
8.93,9.01,9,8.93,377933.38,0.07,0.78,8.946,9.02,9.088,467127.08,450618.41,517814.22
8.97,8.98,8.93,8.89,394995.28,-0.04,-0.45,8.956,9.035,9.098,458615.79,474068.87,534458.94
8.92,8.99,8.97,8.9,325408.16,0.05,0.56,8.99,9.06,9.111,485995.18,474703.73,536388.59
8.9,8.94,8.92,8.89,437630,0.01,0.11,9.012,9.083,9.121,519013.64,493647.39,548424.37
9.03,9.04,8.91,8.9,799668.56,-0.14,-1.55,9.052,9.111,9.137,502976.15,493323.54,554275.3
9.09,9.1,9.05,9.05,335376.97,-0.05,-0.55,9.094,9.141,9.154,434109.74,463271.69,550042.96
9.08,9.11,9.1,9.05,531892.19,0.02,0.22,9.114,9.153,9.167,489521.94,493046.11,612456.47
9.11,9.12,9.08,9.06,490500.47,-0.04,-0.44,9.13,9.151,9.188,463412.28,508585.44,617659.55
9.11,9.14,9.12,9.1,357442.56,0,0,9.154,9.154,9.208,468281.14,519649.46,620462.57
9.16,9.17,9.12,9.1,455336.53,-0.03,-0.33,9.17,9.154,9.224,483670.92,532042.48,622814.66
9.17,9.19,9.15,9.09,612437.94,-0.03,-0.33,9.188,9.156,9.24,492433.63,585010.04,627313.05
9.2,9.21,9.18,9.17,401343.91,-0.02,-0.22,9.192,9.16,9.252,496570.28,594849.02,616200.27
9.19,9.22,9.2,9.17,514844.75,0,0,9.172,9.162,9.262,553758.6,598073.46,615041.57
9.2,9.22,9.2,9.17,434391.47,-0.01,-0.11,9.154,9.158,9.273,571017.79,603201.35,601521.25
9.16,9.22,9.21,9.15,499150.09,0.04,0.44,9.138,9.162,9.286,580414.04,615227.07,594535.32
9.08,9.18,9.17,9.08,633121.19,0.09,0.99,9.124,9.166,9.298,677586.44,636814.24,589803.38
9.12,9.12,9.08,9.06,687285.5,-0.03,-0.33,9.128,9.18,9.309,693127.76,731866.82,575280.08
9.13,9.15,9.11,9.09,601140.69,-0.01,-0.11,9.152,9.224,9.327,642388.32,726733.65,561097.24
9.16,9.17,9.12,9.1,481372.75,-0.02,-0.22,9.162,9.261,9.346,635384.9,721275.67,548389.89
9.12,9.19,9.14,9.08,985012.06,-0.05,-0.54,9.186,9.293,9.364,650040.1,713586.83,542807.24
9.2,9.24,9.19,9.16,710827.81,-0.01,-0.11,9.208,9.323,9.378,596042.04,669616.07,513923.69
9.16,9.24,9.2,9.15,433588.28,0.04,0.44,9.232,9.344,9.394,770605.88,637551.52,495007.31
9.2,9.22,9.16,9.14,566123.62,-0.08,-0.87,9.296,9.362,9.409,811078.99,632009.68,490094.28
9.25,9.26,9.24,9.2,554648.75,-0.01,-0.11,9.36,9.388,9.43,807166.44,599841.16,484936.41
9.29,9.31,9.25,9.22,715021.75,-0.06,-0.64,9.4,9.409,9.446,777133.56,573843.56,489533.18
9.45,9.46,9.31,9.3,1583647,-0.21,-2.21,9.438,9.429,9.462,743190.1,542792.53,498719.86
9.48,9.53,9.52,9.45,635953.81,0.04,0.42,9.456,9.438,9.466,504497.15,418693.34,440726.26
9.42,9.48,9.48,9.42,546560.88,0.04,0.42,9.428,9.429,9.463,452940.37,395460.83,429486.63
9.43,9.46,9.44,9.41,404484.38,0,0,9.416,9.43,9.461,392515.88,375504.11,439989.23
9.39,9.45,9.44,9.37,545304.44,0.04,0.43,9.418,9.434,9.459,370553.56,372027.64,437885.25
9.38,9.41,9.4,9.36,390182.25,0.02,0.21,9.42,9.433,9.458,342394.95,358231.31,442538.26
9.41,9.43,9.38,9.36,378169.91,-0.04,-0.42,9.42,9.443,9.454,332889.52,352463.1,447166.31
9.43,9.45,9.42,9.4,244438.41,-0.03,-0.32,9.43,9.456,9.451,337981.28,348178.89,445400.57
9.44,9.46,9.45,9.4,294672.81,0,0,9.444,9.471,9.445,358492.34,370031.66,451192.27
9.4,9.46,9.45,9.39,404511.38,0.05,0.53,9.45,9.483,9.437,373501.72,405222.8,456302.88
9.41,9.43,9.4,9.36,342655.09,-0.03,-0.32,9.446,9.494,9.43,374067.67,454647.2,461916.62
9.51,9.54,9.43,9.42,403628.72,-0.06,-0.63,9.466,9.493,9.423,372036.67,462759.18,460557.47
9.49,9.55,9.49,9.47,346993.72,0.01,0.1,9.482,9.496,9.465,358376.49,463512.42,441343.29
9.43,9.51,9.48,9.42,369719.69,0.05,0.53,9.498,9.492,9.457,381570.97,504474.36,445029.23
9.5,9.5,9.43,9.42,407341.12,-0.07,-0.74,9.516,9.484,9.446,436943.87,503742.85,441763.34
9.5,9.54,9.5,9.48,332500.12,-0.01,-0.1,9.542,9.482,9.438,535226.72,526845.21,444908.49
9.55,9.57,9.51,9.48,335327.81,-0.06,-0.63,9.52,9.465,9.424,553481.69,541869.52,449298.45
9.57,9.57,9.57,9.5,462966.12,0,0,9.51,9.445,9.409,568648.36,542622.26,452198.49
9.55,9.62,9.57,9.54,646584.19,0.01,0.1,9.486,9.418,9.39,627377.74,532352.88,450935.83
9.4,9.58,9.56,9.4,898755.38,0.17,1.81,9.452,9.391,9.37,570541.82,507382.96,447320.09
9.46,9.49,9.39,9.37,423774.97,-0.07,-0.74,9.422,9.366,9.349,518463.7,469186.04,429659.94
9.45,9.5,9.46,9.42,411161.12,0.01,0.11,9.41,9.353,9.337,530257.35,458355.76,442629.48
9.4,9.54,9.45,9.39,756613.06,0.05,0.53,9.38,9.433,9.322,516596.15,419174.15,443786.49
9.41,9.42,9.4,9.37,362404.59,-0.01,-0.11,9.35,9.421,9.307,437328.02,385584.1,427356.18
9.34,9.44,9.41,9.33,638364.75,0.08,0.86,9.33,9.407,9.294,444224.1,379783.84,424407.49
9.32,9.36,9.33,9.31,482743.25,0.02,0.21,9.31,9.393,9.281,419908.37,362971.77,404541.95
9.3,9.33,9.31,9.28,342855.12,0.01,0.11,9.296,9.382,9.272,386454.17,356727.38,398458.87
9.29,9.3,9.3,9.24,360272.41,0,0,9.486,9.373,9.263,321752.15,361774.72,399223.82
9.31,9.32,9.3,9.27,396884.97,-0.01,-0.11,9.492,9.361,9.256,333840.18,369518.77,398428.85
9.26,9.32,9.31,9.26,516786.12,0.05,0.54,9.484,9.348,9.249,315343.58,387257.21,401051.07
9.34,9.36,9.26,9.23,315472.25,-0.07,-0.75,9.476,9.332,9.242,306035.17,390133.84,398203.79
9.45,10.26,10.26,9.33,19345,0.93,9.97,9.468,9.32,9.234,327000.59,426903.19,397560.55
9.27,9.34,9.33,9.26,420712.56,0.07,0.76,9.26,9.21,9.175,401797.3,468398.83,413531.22
9.27,9.28,9.26,9.25,304401.97,-0.01,-0.11,9.23,9.192,9.161,405197.36,469128.25,409298.35
9.23,9.28,9.27,9.2,470244.09,0.05,0.54,9.212,9.18,9.152,459170.84,469031.14,407520.31
9.22,9.26,9.22,9.2,420299.31,0,0,9.188,9.168,9.145,474232.5,446112.13,399111.06
9.17,9.23,9.22,9.17,393328.56,0.04,0.44,9.172,9.161,9.138,526805.8,440190.35,397241.7
9.15,9.24,9.18,9.15,437712.88,0.01,0.11,9.16,9.152,9.134,535000.37,436672.92,394642.34
9.14,9.19,9.17,9.13,574269.38,0.02,0.22,9.154,9.151,9.133,533059.14,427338.92,391252.72
9.12,9.16,9.15,9.1,545552.38,0.01,0.11,9.148,9.15,9.13,478891.44,414844.93,394371.17
9.15,9.16,9.14,9.07,683165.81,-0.02,-0.22,9.148,9.151,9.132,417991.75,406273.74,391794.08
9.14,9.19,9.16,9.12,434301.38,0.01,0.11,9.15,9.147,9.138,353574.9,368217.9,377476.49
9.13,9.17,9.15,9.13,428006.75,0.01,0.11,9.144,9.139,9.142,338345.47,358663.62,397142.07
9.14,9.17,9.14,9.13,303430.88,-0.01,-0.11,9.148,9.13,9.155,321618.7,349468.45,405627.02
9.15,9.16,9.15,9.14,241053.95,0,0,9.152,9.124,9.169,350798.43,346009.49,422744.05
9.13,9.17,9.15,9.11,361081.56,0.02,0.22,9.154,9.121,9.186,394555.73,352109.99,473535.05
9.17,9.17,9.13,9.11,358154.19,-0.04,-0.44,9.144,9.114,9.211,382860.9,354293.05,531190.94
9.17,9.18,9.17,9.15,344372.91,0.01,0.11,9.134,9.115,9.231,378981.76,352611.75,546855.84
9.15,9.18,9.16,9.14,449329.53,0,0,9.112,9.114,9.246,377318.2,355166.53,554307.43
9.11,9.18,9.16,9.09,459840.47,0.06,0.66,9.096,9.109,9.263,341220.54,373897.41,561986.09
9.08,9.1,9.1,9.06,302607.38,0.02,0.22,9.088,9.113,9.278,309664.24,377314.43,577212.35
9.07,9.09,9.08,9.05,338758.53,0.02,0.22,9.084,9.128,9.3,325725.2,386735.08,603566.31
9.08,9.11,9.06,9.04,336055.09,-0.02,-0.22,9.096,9.145,9.326,326241.74,435620.52,618928.6
9.12,9.13,9.08,9.07,268841.25,-0.04,-0.44,9.116,9.179,9.351,333014.85,461785.59,653424
9.06,9.13,9.12,9.02,302058.97,0.04,0.44,9.122,9.213,9.378,406574.28,499478.62,684370.9
9.14,9.14,9.08,9.07,382912.16,-0.06,-0.66,9.138,9.251,9.403,444964.61,594960.12,733252.41
9.15,9.16,9.14,9.11,341341.25,-0.02,-0.22,9.172,9.308,9.43,447744.97,708088.83,764790.55
9.12,9.16,9.16,9.11,369920.62,0.05,0.55,9.194,9.346,9.447,544999.29,741099.92,786710.93
9.2,9.2,9.11,9.08,636638.38,-0.09,-0.98,9.242,9.378,9.461,590556.32,753448.34,855858.37
9.22,9.23,9.2,9.17,494010.62,-0.05,-0.54,9.304,9.416,9.474,592382.96,750074.77,883039.3
9.24,9.29,9.25,9.21,396813.97,0,0,9.364,9.442,9.476,744955.63,777110.28,900850.93
9.37,9.41,9.25,9.21,827612.88,-0.15,-1.6,9.444,9.472,9.472,968432.69,820397.53,906890.1
9.42,9.51,9.4,9.4,597705.75,-0.02,-0.21,9.498,9.507,9.47,937200.55,802236.68,890775.66
9.48,9.5,9.42,9.33,645771.56,-0.08,-0.84,9.514,9.522,9.462,916340.35,845062.41,881682.49
9.65,9.77,9.5,9.44,1256874,-0.15,-1.55,9.528,9.542,9.452,907766.59,869263.18,877111.06
9.5,9.75,9.65,9.48,1514199.25,0.13,1.37,9.52,9.555,9.438,809264.93,871544.7,863021.3
9.5,9.55,9.52,9.43,671452.19,0.04,0.42,9.5,9.552,9.415,672362.38,821492.27,827924.82
9.48,9.49,9.48,9.41,493404.75,-0.01,-0.1,9.516,9.547,9.396,667272.81,832321.93,825952.15
9.48,9.52,9.49,9.45,602902.75,0.03,0.32,9.53,9.544,9.375,773784.48,958268.41,837412.75
9.5,9.54,9.46,9.41,764365.69,-0.09,-0.94,9.556,9.531,9.358,830759.76,1016003.83,847602.36
9.6,9.6,9.55,9.44,829686.5,-0.05,-0.52,9.59,9.509,9.341,933824.48,1024591.59,834246.08
9.57,9.63,9.6,9.55,646004.38,0.05,0.52,9.604,9.472,9.319,970622.16,993382.68,818167.63
9.65,9.72,9.55,9.5,1025963.06,-0.07,-0.73,9.578,9.433,9.296,997371.05,979314.64,816710.97
9.59,9.7,9.62,9.55,887779.19,-0.01,-0.1,9.558,9.401,9.272,1142752.34,918302.57,797092.12
9.69,9.78,9.63,9.6,1279689.25,0.01,0.1,9.506,9.362,9.249,1201247.9,884958.95,779803.05
9.48,9.62,9.62,9.46,1013674.94,0.15,1.58,9.428,9.321,9.226,1115358.7,854497.9,732025.61
9.44,9.52,9.47,9.42,779748.81,0.02,0.21,9.34,9.277,9.202,1016143.19,834357.37,703364.47
9.34,9.56,9.45,9.34,1752869.5,0.09,0.96,9.288,9.244,9.189,961258.23,819582.37,689414.68
9.24,9.36,9.36,9.23,1180257,0.12,1.3,9.244,9.206,9.179,693852.81,716557.09,647555.06
9.18,9.28,9.24,9.17,850243.25,0.06,0.65,9.218,9.185,9.167,568670,679200.89,622737.04
9.21,9.21,9.18,9.16,517597.38,-0.03,-0.33,9.214,9.173,9.159,593637.1,643900.57,597367.11
9.22,9.22,9.21,9.18,505324,-0.02,-0.22,9.214,9.166,9.154,652571.56,642952.59,595619.05
9.23,9.24,9.23,9.2,415842.41,0,0,9.2,9.158,9.148,677906.51,654107.3,600039.7
9.2,9.24,9.23,9.18,554342.94,0.01,0.11,9.168,9.142,9.139,739261.38,675881.67,597208.74
9.16,9.25,9.22,9.16,975078.75,0.04,0.44,9.152,9.136,9.132,789731.78,674647.15,586262.18
9.14,9.18,9.18,9.11,812269.69,0.04,0.44,9.132,9.13,9.124,694164.05,609553.33,569126.64
9.1,9.16,9.14,9.1,631998.75,0.07,0.77,9.118,9.127,9.122,633333.62,572371.57,542028.96
9.14,9.14,9.07,9.01,722616.75,-0.08,-0.87,9.116,9.134,9.122,630308.1,559246.99,528597.57
9.12,9.15,9.15,9.1,806694.94,0.03,0.33,9.116,9.151,9.125,612501.96,578553.02,523035.81
9.1,9.12,9.12,9.07,497240.12,0.01,0.11,9.12,9.149,9.121,559562.52,566273.2,498105.3
9.11,9.17,9.11,9.1,508117.56,-0.02,-0.22,9.128,9.144,9.118,524942.61,550833.65,488426.51
9.06,9.14,9.13,9.05,616871.12,0.06,0.66,9.136,9.141,9.115,511409.52,548285.51,476588.93
9.14,9.14,9.07,9.05,633586.06,-0.07,-0.77,9.152,9.137,9.111,488185.88,545972.1,465811.56
9.16,9.23,9.17,9.14,541997.75,0.01,0.11,9.186,9.135,9.11,544604.08,518535.81,456106.35
9.16,9.17,9.16,9.12,324140.56,0.01,0.11,9.178,9.127,9.109,572983.88,497877.21,443446.4
9.22,9.22,9.15,9.13,440452.12,-0.06,-0.65,9.16,9.118,9.109,576724.68,528699.95,451970.04
9.25,9.26,9.21,9.18,500752.91,-0.03,-0.33,9.146,9.116,9.105,585161.49,511686.35,450230.7
9.13,9.3,9.24,9.12,915677.06,0.11,1.21,9.122,9.11,9.099,603758.32,497948.14,447027
9.08,9.13,9.13,9.06,683896.75,0.06,0.66,9.084,9.098,9.093,492467.54,467518.59,418960.58
9.08,9.09,9.07,9.05,342844.56,-0.01,-0.11,9.076,9.092,9.089,422770.54,429937.4,405839.81
9.09,9.11,9.08,9.05,482636.16,-0.01,-0.11,9.076,9.091,9.095,480675.21,426019.38,411744.15
9.03,9.09,9.09,9.03,593737.06,0.04,0.44,9.086,9.088,9.099,438211.22,404892.36,425441.43
9.08,9.09,9.05,9.03,359223.16,-0.04,-0.44,9.098,9.085,9.114,392137.96,385651.02,412126.15
9.06,9.09,9.09,9.04,335411.75,0.02,0.22,9.112,9.084,9.131,442569.64,393676.89,408925.91
9.08,9.11,9.07,9.05,632367.94,-0.06,-0.66,9.108,9.09,9.147,437104.27,389015.6,415123.99
9.14,9.16,9.13,9.12,270316.19,-0.02,-0.22,9.106,9.099,9.164,371363.54,375240.12,412242.51
9.13,9.15,9.15,9.11,363370.78,0.03,0.33,9.09,9.094,9.178,371573.5,388775.04,422223.52
9.1,9.17,9.12,9.08,611381.56,0.05,0.55,9.072,9.087,9.193,379164.08,396105.86,422494.8
9.06,9.1,9.07,9.05,308084.88,0.01,0.11,9.056,9.087,9.21,344784.14,370402.57,415932.29
9.05,9.08,9.06,9.05,303664.28,0.01,0.11,9.072,9.086,9.231,340926.92,381742.21,425015.38
9.06,9.06,9.05,9.03,271366,-0.01,-0.11,9.092,9.099,9.251,379116.71,397468.92,439586.23
9.04,9.07,9.06,9.01,401323.66,0.02,0.22,9.098,9.11,9.27,405976.58,445990.5,454279.52
9.13,9.13,9.04,9.04,439481.88,-0.11,-1.2,9.102,9.142,9.289,413047.64,438601.27,459325.03
9.16,9.19,9.15,9.14,288798.78,-0.01,-0.11,9.118,9.178,9.309,396021,424174.93,468220.42
9.1,9.18,9.16,9.09,494613.22,0.08,0.88,9.1,9.203,9.323,422557.49,441232.38,490394.54
9.08,9.1,9.08,9.03,405665.34,0,0,9.106,9.228,9.335,415821.13,449244.89,510196.72
9.12,9.12,9.08,9.04,436678.97,-0.04,-0.44,9.122,9.262,9.351,486004.41,455672.01,538885.09
9.05,9.14,9.12,9.05,354348.69,0.06,0.66,9.182,9.299,9.373,464154.91,448883.75,542317.87
9.17,9.18,9.06,9.05,421481.25,-0.13,-1.42,9.238,9.332,9.392,452328.86,461462,559175.65
9.18,9.21,9.19,9.14,460931.41,0.03,0.33,9.306,9.375,9.416,459907.26,468288.55,566137.85
9.29,9.32,9.16,9.13,756581.75,-0.22,-2.35,9.35,9.403,9.433,482668.64,481703.53,598069.21
9.4,9.43,9.38,9.36,327431.44,-0.02,-0.21,9.402,9.429,9.459,425339.61,462568.55,655117.74
9.39,9.42,9.4,9.38,295218.44,0,0,9.416,9.436,9.465,433612.59,480048.79,707247.24
9.41,9.42,9.4,9.37,459373.28,-0.01,-0.11,9.426,9.44,9.456,470595.14,512265.91,739265.12
9.42,9.43,9.41,9.36,574738.31,-0.01,-0.11,9.444,9.443,9.443,476669.84,539556.7,738129.23
9.46,9.46,9.42,9.4,469936.56,-0.03,-0.32,9.456,9.442,9.43,480738.42,571148.55,730176.13
9.43,9.46,9.45,9.42,368796.34,0,0,9.456,9.44,9.414,499797.49,622098.17,726603.27
9.49,9.52,9.45,9.42,480131.22,-0.04,-0.42,9.456,9.446,9.394,526484.99,635751.98,744460.86
9.46,9.5,9.49,9.43,489746.75,0.02,0.21,9.454,9.451,9.371,553936.67,656889.29,787677.4
9.42,9.47,9.47,9.41,595081.25,0.05,0.53,9.442,9.457,9.355,602443.57,663987.16,784421.17
9.41,9.45,9.42,9.38,565231.88,-0.03,-0.32,9.428,9.462,9.344,661558.67,714434.89,777125.37
9.45,9.47,9.45,9.4,502233.84,0.01,0.11,9.424,9.488,9.337,744398.84,847666.93,786830
9.42,9.45,9.44,9.34,617389.62,0.01,0.11,9.436,9.493,9.325,745018.98,934445.7,795289.57
9.41,9.43,9.43,9.38,732281.25,0.03,0.32,9.448,9.471,9.307,759841.92,966264.33,788415.61
9.38,9.45,9.4,9.37,890656.75,0,0,9.472,9.442,9.286,725530.74,936701.75,792735.46
9.5,9.51,9.4,9.36,979432.75,-0.11,-1.16,9.496,9.417,9.271,767311.12,889203.71,775530.47
9.49,9.52,9.51,9.43,505334.53,0.01,0.1,9.552,9.388,9.25,950935.02,831108.37,739792.98
9.56,9.59,9.5,9.43,691504.31,-0.05,-0.52,9.55,9.341,9.222,1123872.41,853169.73,729303.73
9.52,9.6,9.55,9.48,560725.38,0.03,0.32,9.494,9.29,9.196,1172686.75,918465.51,711741.58
9.68,9.68,9.52,9.46,1099558.62,-0.16,-1.65,9.412,9.253,9.167,1147872.76,904855.19,699251.63
9.55,9.8,9.68,9.51,1897552.25,0.18,1.9,9.338,9.226,9.139,1011096.3,839815.85,662413.09
9.2,9.53,9.5,9.18,1370021.5,0.28,3.04,9.224,9.186,9.107,711281.71,725993.07,592882.23
9.14,9.35,9.22,9.13,935576,0.08,0.88,9.132,9.156,9.082,582467.05,656133.45,541982.85
9.15,9.18,9.14,9.12,436655.44,-0.01,-0.11,9.086,9.142,9.068,664244.27,610566.89,513189.02
9.09,9.15,9.15,9.07,415676.31,0.04,0.44,9.094,9.129,9.06,661837.62,648769.17,531270.68
9.04,9.11,9.11,9.01,398479.31,0.07,0.77,9.114,9.125,9.047,668535.39,661857.24,546078.48
8.99,9.07,9.04,8.95,725948.19,0.05,0.56,9.148,9.112,9.029,740704.42,648477.59,544423.14
9.17,9.18,8.99,8.93,1344462.12,-0.19,-2.07,9.18,9.102,9.014,729799.84,605437.74,521192.85
9.21,9.22,9.18,9.15,424622.19,-0.07,-0.76,9.198,9.102,9.003,556889.5,505017.65,469612.39
9.24,9.26,9.25,9.17,449165.16,-0.03,-0.32,9.164,9.08,8.984,635700.72,493648.07,464528.79
9.18,9.34,9.28,9.17,759324.44,0.08,0.87,9.136,9.052,8.962,655179.08,485010.34,463172.4
9.08,9.24,9.2,9.03,671425.31,0.12,1.32,9.076,9.028,8.938,556250.76,459771.39,455619.03
8.98,9.11,9.08,8.97,479910.38,0.07,0.78,9.024,9.007,8.914,481075.63,427832.25,439494.28
9.12,9.17,9.01,8.91,818678.31,-0.1,-1.1,9.006,8.993,8.895,453145.81,415811.15,433609
8.97,9.12,9.11,8.97,546556.94,0.13,1.45,8.996,8.991,8.879,351595.43,413772.18,411155.66
8.93,8.98,8.98,8.91,264682.88,0.04,0.45,8.968,8.968,8.855,314841.6,430299.72,400653.78
8.99,8.99,8.94,8.92,295549.62,-0.05,-0.56,8.98,8.945,8.836,363292.01,440368.69,403680.35
8.95,9.01,8.99,8.95,340261.28,0.03,0.34,8.99,8.925,8.818,374588.87,436947.96,410286.07
8.96,8.99,8.96,8.95,310926.41,-0.01,-0.11,8.98,8.904,8.801,378476.49,434207.14,410053.72
9.04,9.05,8.97,8.95,362787.81,-0.07,-0.77,8.986,8.887,8.79,475948.93,435409.51,418407.5
8.99,9.08,9.04,8.97,506934.91,0.05,0.56,8.968,8.871,8.772,545757.85,441334.46,419305.6
8.95,9,8.99,8.91,352033.94,0.05,0.56,8.91,8.848,8.75,517445.37,451466.68,407495.43
8.97,9,8.94,8.91,359699.38,-0.05,-0.56,8.86,8.82,8.729,499307.04,451156.31,405652.39
8.88,9.05,8.99,8.86,798288.62,0.11,1.24,8.828,8.796,8.711,489937.78,451406.86,407000.92
8.75,8.89,8.88,8.74,711832.38,0.13,1.49,8.788,8.766,8.783,394870.09,408539.15,385995.11
8.75,8.79,8.75,8.74,365372.53,0.01,0.11,8.774,8.741,8.859,336911.07,371007.84,364085.35
8.79,8.79,8.74,8.73,261342.3,-0.04,-0.46,8.786,8.727,8.938,385487.99,366992.01,363057.57
8.79,8.8,8.78,8.74,312853.09,-0.01,-0.11,8.78,8.71,9.026,403005.57,383624.18,363399.87
8.8,8.82,8.79,8.76,322950.16,-0.02,-0.23,8.764,8.698,9.113,412875.93,385900.3,359221.32
8.8,8.83,8.81,8.77,422037.28,0,0,8.744,8.692,9.199,422208.21,401405.48,359990.41
8.69,8.86,8.81,8.67,608257.12,0.1,1.15,8.708,8.672,9.284,405104.61,397276.74,360058.01
8.69,8.73,8.71,8.68,348930.19,0.01,0.12,8.668,8.651,9.366,348496.02,363524.18,344296.97
8.69,8.74,8.7,8.66,362204.88,0.01,0.12,8.64,8.638,9.455,364242.8,360148.47,354688
8.63,8.69,8.69,8.62,369611.56,0.06,0.69,8.632,8.625,9.547,358924.67,362594.99,383901.12
8.58,8.64,8.63,8.56,336519.28,0.02,0.23,8.64,8.8,9.627,380602.76,363451.07,384467.89
8.57,8.64,8.61,8.54,325214.19,0.04,0.47,8.636,8.977,9.709,389448.87,357162.87,378782.87
8.64,8.7,8.57,8.52,427664.09,-0.09,-1.04,8.634,9.149,9.789,378552.35,359123.13,375591.99
8.67,8.7,8.66,8.63,335614.22,-0.07,-0.8,8.636,9.342,9.872,356054.13,343175.55,364420.55
8.6,8.73,8.73,8.58,478002,0.12,1.39,8.618,9.528,9.936,366265.3,332542.34,365936.67
8.61,8.65,8.61,8.58,380749.84,0.01,0.12,8.96,9.706,10.003,346299.39,318575.34,359710.82
8.59,8.6,8.6,8.56,270731.59,0.02,0.23,9.318,9.895,10.085,324876.87,322839.29,358473.23
8.57,8.61,8.58,8.54,315173,0.01,0.12,9.664,10.081,10.178,339693.92,325069.75,363957.09
8.57,8.6,8.57,8.53,386670.09,0,0,10.048,10.271,10.284,330296.97,349227.54,367209.36
10.33,10.48,10.44,10.32,378172.41,0.04,0.39,10.438,10.469,10.406,298819.38,405207.25,365819.31
10.34,10.41,10.4,10.32,273637.25,0.07,0.68,10.452,10.453,10.404,290851.3,405484.7,364869.07
10.46,10.47,10.33,10.33,344816.84,-0.17,-1.62,10.472,10.44,10.404,320801.71,400402.87,372471.72
10.54,10.54,10.5,10.46,268188.25,-0.02,-0.19,10.498,10.429,10.411,310445.58,392060.84,374985.8
10.52,10.53,10.52,10.48,229282.16,0.01,0.1,10.494,10.402,10.402,368158.12,385665.55,385665.55
10.51,10.53,10.51,10.45,338332,0.01,0.1,10.5,10.389,10.389,511595.13,403041.49,403041.49
10.47,10.52,10.5,10.41,423389.28,0.04,0.38,10.454,10.374,10.374,520118.1,411130.17,411130.17
10.47,10.48,10.46,10.42,293036.22,-0.02,-0.19,10.408,10.356,10.356,480004.03,409378.87,409378.87
10.51,10.55,10.48,10.44,556750.94,-0.07,-0.66,10.36,10.338,10.338,473676.09,428769.31,428769.31
10.26,10.57,10.55,10.26,946467.19,0.27,2.63,10.31,10.31,10.31,403172.99,403172.99,403172.99
10.25,10.28,10.28,10.2,380946.88,0.01,0.1,10.25,10.25,10.25,267349.44,267349.44,267349.44
10.22,10.29,10.27,10.19,222818.92,0.05,0.49,10.24,10.24,10.24,229483.62,229483.62,229483.62
10.22,10.27,10.22,10.17,261396.53,-0.01,-0.1,10.225,10.225,10.225,232815.97,232815.97,232815.97
10.25,10.28,10.23,10.19,204235.41,0.02,0.2,10.23,10.23,10.23,204235.41,204235.41,204235.41