trade_date,index,ts_code,open,high,low,close,pre_close,change,pct_chg,vol,amount
20181116,0,601939.SH,6.68,6.7,6.61,6.66,6.67,-0.01,-0.1499,1029267.24,685232.316
20181115,1,601939.SH,6.61,6.68,6.61,6.67,6.62,0.05,0.7553,732604.99,487029.242
20181114,2,601939.SH,6.71,6.72,6.6,6.62,6.72,-0.1,-1.4881,1260124.25,839177.644
20181113,3,601939.SH,6.66,6.77,6.65,6.72,6.72,0.0,0.0,877104.44,587886.254
20181112,4,601939.SH,6.69,6.73,6.64,6.72,6.72,0.0,0.0,1103705.14,737923.973
20181109,5,601939.SH,6.85,6.85,6.66,6.72,6.97,-0.25,-3.5868,2514211.86,1692649.024
20181108,6,601939.SH,7.01,7.07,6.95,6.97,6.97,0.0,0.0,799285.79,559978.246
20181107,7,601939.SH,6.99,7.04,6.95,6.97,7.0,-0.03,-0.4286,726059.28,507058.332
20181106,8,601939.SH,7.04,7.04,6.94,7.0,7.05,-0.05,-0.7092,739582.84,516677.554
20181105,9,601939.SH,7.11,7.15,7.01,7.05,7.17,-0.12,-1.6736,1118984.43,790433.867
20181102,10,601939.SH,7.17,7.22,7.06,7.17,7.09,0.08,1.1283,1791928.93,1280031.358
20181101,11,601939.SH,7.17,7.2,7.06,7.09,7.15,-0.06,-0.8392,867188.75,616931.436
20181031,12,601939.SH,7.15,7.18,7.06,7.15,7.13,0.02,0.2805,697285.91,496659.172
20181030,13,601939.SH,7.09,7.25,7.04,7.13,7.08,0.05,0.7062,1062779.45,758710.872
20181029,14,601939.SH,7.28,7.32,7.02,7.08,7.28,-0.2,-2.7473,1126481.61,804603.98
20181026,15,601939.SH,7.26,7.28,7.11,7.28,7.24,0.04,0.5525,1033957.94,744012.02
20181025,16,601939.SH,7.0,7.25,6.98,7.24,7.15,0.09,1.2587,1037360.61,740635.018
20181024,17,601939.SH,6.98,7.26,6.97,7.15,6.96,0.19,2.7299,1292393.92,920512.041
20181023,18,601939.SH,7.15,7.19,6.91,6.96,7.19,-0.23,-3.1989,1308065.85,920985.368
20181022,19,601939.SH,7.02,7.25,7.02,7.19,6.98,0.21,3.0086,1751671.72,1254580.984
20181019,20,601939.SH,6.7,7.0,6.67,6.98,6.73,0.25,3.7147,1454340.75,998399.291
20181018,21,601939.SH,6.82,6.85,6.69,6.73,6.83,-0.1,-1.4641,914532.58,619083.173
20181017,22,601939.SH,6.93,6.95,6.77,6.83,6.86,-0.03,-0.4373,873861.36,600089.833
20181016,23,601939.SH,6.82,6.95,6.79,6.86,6.81,0.05,0.7342,930528.56,640502.756
20181015,24,601939.SH,6.92,6.93,6.78,6.81,6.93,-0.12,-1.7316,739661.42,505724.948
20181012,25,601939.SH,6.74,6.96,6.68,6.93,6.68,0.25,3.7425,1172695.23,799336.048
20181011,26,601939.SH,6.69,6.85,6.64,6.68,6.94,-0.26,-3.7464,1158285.81,781890.646
20181010,27,601939.SH,6.9,6.98,6.84,6.94,6.9,0.04,0.5797,701392.3,484999.379
20181009,28,601939.SH,6.91,6.95,6.81,6.9,6.93,-0.03,-0.4329,728896.73,501655.251
20181008,29,601939.SH,7.04,7.05,6.87,6.93,7.24,-0.31,-4.2818,1373490.62,957368.809
20180928,30,601939.SH,7.12,7.32,7.11,7.24,7.13,0.11,1.5428,1334490.19,964494.574
20180927,31,601939.SH,7.11,7.15,7.04,7.13,7.13,0.0,0.0,736591.78,521977.817
20180926,32,601939.SH,7.09,7.24,7.07,7.13,7.1,0.03,0.4225,1491998.69,1069107.34
20180925,33,601939.SH,7.1,7.16,7.01,7.1,7.21,-0.11,-1.5257,1244613.31,881939.024
20180921,34,601939.SH,6.88,7.23,6.8,7.21,6.85,0.36,5.2555,2081220.82,1468902.167
20180920,35,601939.SH,6.8,6.95,6.8,6.85,6.78,0.07,1.0324,946631.19,650379.489
20180919,36,601939.SH,6.67,6.83,6.67,6.78,6.69,0.09,1.3453,930159.21,629695.724
20180918,37,601939.SH,6.6,6.71,6.59,6.69,6.61,0.08,1.2103,509739.75,339006.212
20180917,38,601939.SH,6.63,6.68,6.61,6.61,6.65,-0.04,-0.6015,447951.43,297708.876
20180914,39,601939.SH,6.63,6.7,6.62,6.65,6.64,0.01,0.1506,466158.89,310643.611
20180913,40,601939.SH,6.59,6.64,6.55,6.64,6.54,0.1,1.5291,550785.69,363528.216
20180912,41,601939.SH,6.55,6.58,6.5,6.54,6.58,-0.04,-0.6079,492358.86,321668.342
20180911,42,601939.SH,6.63,6.69,6.54,6.58,6.62,-0.04,-0.6042,492734.16,325538.299
20180910,43,601939.SH,6.61,6.7,6.58,6.62,6.66,-0.04,-0.6006,641739.54,425852.854
20180907,44,601939.SH,6.68,6.72,6.57,6.66,6.67,-0.01,-0.1499,1031326.93,684750.756
20180906,45,601939.SH,6.68,6.74,6.66,6.67,6.71,-0.04,-0.5961,495824.72,331672.806
20180905,46,601939.SH,6.89,6.93,6.69,6.71,6.93,-0.22,-3.1746,904700.28,614648.087
20180904,47,601939.SH,6.88,6.96,6.79,6.93,6.88,0.05,0.7267,631176.0,433955.878
20180903,48,601939.SH,6.87,6.96,6.83,6.88,6.88,0.0,0.0,690021.38,474967.01
20180831,49,601939.SH,6.83,6.96,6.77,6.88,6.83,0.05,0.7321,728204.11,501188.351
20180830,50,601939.SH,6.9,6.95,6.83,6.83,6.9,-0.07,-1.0145,414933.7,285119.488
20180829,51,601939.SH,6.92,6.94,6.86,6.9,6.95,-0.05,-0.7194,403195.39,278197.972
20180828,52,601939.SH,6.92,7.02,6.9,6.95,6.91,0.04,0.5789,873951.02,608936.199
20180827,53,601939.SH,6.83,6.91,6.78,6.91,6.8,0.11,1.6176,1013238.46,694969.374
20180824,54,601939.SH,6.66,6.91,6.64,6.8,6.69,0.11,1.6442,931007.6,630184.029
20180823,55,601939.SH,6.7,6.75,6.64,6.69,6.7,-0.01,-0.1493,384157.6,257071.685
20180822,56,601939.SH,6.71,6.72,6.64,6.7,6.72,-0.02,-0.2976,358517.06,239799.481
20180821,57,601939.SH,6.65,6.76,6.63,6.72,6.66,0.06,0.9009,811674.25,544969.482
20180820,58,601939.SH,6.55,6.68,6.52,6.66,6.52,0.14,2.1472,846437.58,560117.68
20180817,59,601939.SH,6.65,6.69,6.5,6.52,6.6,-0.08,-1.2121,610187.36,400971.812
20180816,60,601939.SH,6.49,6.61,6.46,6.6,6.57,0.03,0.4566,851057.1,558048.408
20180815,61,601939.SH,6.65,6.67,6.55,6.57,6.68,-0.11,-1.6467,733772.63,485048.752
20180814,62,601939.SH,6.65,6.69,6.56,6.68,6.67,0.01,0.1499,689260.38,457230.727
20180813,63,601939.SH,6.81,6.81,6.56,6.67,6.85,-0.18,-2.6277,1498197.02,997999.582
20180810,64,601939.SH,6.91,6.93,6.83,6.85,6.93,-0.08,-1.1544,680741.66,467243.539
20180809,65,601939.SH,6.81,6.95,6.81,6.93,6.85,0.08,1.1679,864125.38,596646.035
20180808,66,601939.SH,6.96,6.97,6.82,6.85,6.98,-0.13,-1.8625,861487.99,593199.418
20180807,67,601939.SH,6.9,6.99,6.81,6.98,6.89,0.09,1.3062,1275063.02,880131.294
20180806,68,601939.SH,6.82,6.98,6.8,6.89,6.83,0.06,0.8785,1036199.87,715522.047
20180803,69,601939.SH,6.74,6.91,6.73,6.83,6.74,0.09,1.3353,1014787.06,693748.595
20180802,70,601939.SH,6.8,6.86,6.69,6.74,6.88,-0.14,-2.0349,1147425.75,776322.129
20180801,71,601939.SH,7.02,7.1,6.87,6.88,7.01,-0.13,-1.8545,1209441.75,846923.597
20180731,72,601939.SH,6.94,7.06,6.86,7.01,6.95,0.06,0.8633,990768.1,690614.061
20180730,73,601939.SH,6.85,7.01,6.81,6.95,6.85,0.1,1.4599,1125745.03,778528.342
20180727,74,601939.SH,6.85,6.94,6.82,6.85,6.91,-0.06,-0.8683,713806.23,490692.082
20180726,75,601939.SH,6.92,7.01,6.81,6.91,6.92,-0.01,-0.1445,1025918.86,707607.046
20180725,76,601939.SH,6.95,6.99,6.83,6.92,6.93,-0.01,-0.1443,989207.63,681585.423
20180724,77,601939.SH,6.92,7.08,6.87,6.93,6.93,0.0,0.0,1962392.15,1365588.094
20180723,78,601939.SH,6.77,6.99,6.7,6.93,6.78,0.15,2.2124,2426225.41,1663072.71
20180720,79,601939.SH,6.34,6.85,6.31,6.78,6.35,0.43,6.7717,2564125.26,1704420.808
20180719,80,601939.SH,6.43,6.45,6.31,6.35,6.4,-0.05,-0.78,932870.19,594258.911
20180718,81,601939.SH,6.39,6.54,6.38,6.4,6.37,0.03,0.47,816523.51,527155.858
20180717,82,601939.SH,6.47,6.48,6.3,6.37,6.51,-0.14,-2.15,1190914.96,758494.058
20180716,83,601939.SH,6.94,7.02,6.72,6.8,6.98,-0.18,-2.58,1341476.79,917672.89
20180713,84,601939.SH,6.99,7.0,6.9,6.98,6.97,0.01,0.14,906557.15,629661.56
20180712,85,601939.SH,6.71,7.02,6.71,6.97,6.73,0.24,3.57,1555668.84,1080426.879
20180711,86,601939.SH,6.6,6.82,6.57,6.73,6.77,-0.04,-0.59,1334894.23,897370.142
20180710,87,601939.SH,6.82,6.82,6.69,6.77,6.81,-0.04,-0.59,1059033.88,715595.122
20180709,88,601939.SH,6.49,6.82,6.49,6.81,6.46,0.35,5.42,1447813.51,969141.617
20180706,89,601939.SH,6.4,6.53,6.35,6.46,6.41,0.05,0.78,973611.63,627116.571
20180705,90,601939.SH,6.31,6.46,6.3,6.41,6.32,0.09,1.42,1115357.11,713693.846
20180704,91,601939.SH,6.31,6.42,6.28,6.32,6.32,0.0,0.0,982479.53,624349.666
20180703,92,601939.SH,6.23,6.33,6.15,6.32,6.22,0.1,1.61,1570227.24,979937.244
20180702,93,601939.SH,6.53,6.54,6.19,6.22,6.55,-0.33,-5.04,1365295.82,866521.762
20180629,94,601939.SH,6.44,6.58,6.44,6.55,6.42,0.13,2.02,921416.51,599531.911
20180628,95,601939.SH,6.53,6.54,6.39,6.42,6.57,-0.15,-2.28,1116610.87,721456.728
20180627,96,601939.SH,6.68,6.69,6.52,6.57,6.73,-0.16,-2.38,1254801.19,827665.602
20180626,97,601939.SH,6.84,6.85,6.6,6.73,6.9,-0.17,-2.46,1537790.1,1029144.641
20180625,98,601939.SH,7.12,7.12,6.89,6.9,7.06,-0.16,-2.27,1127717.59,789011.453
20180622,99,601939.SH,7.02,7.12,7.0,7.06,7.06,0.0,0.0,781675.84,550025.321
20180621,100,601939.SH,7.11,7.22,7.06,7.06,7.11,-0.05,-0.7,948948.77,677782.014
20180620,101,601939.SH,7.17,7.2,7.07,7.11,7.23,-0.12,-1.66,904295.39,642909.172
20180619,102,601939.SH,7.16,7.26,7.05,7.23,7.23,0.0,0.0,3022876.78,2175419.163
20180615,103,601939.SH,7.09,7.25,7.07,7.23,7.11,0.12,1.69,1676504.98,1207402.045
20180614,104,601939.SH,7.02,7.14,7.01,7.11,7.06,0.05,0.71,947088.77,670928.337
20180613,105,601939.SH,7.06,7.08,6.99,7.06,7.08,-0.02,-0.28,880223.46,619052.1
20180612,106,601939.SH,7.0,7.09,6.96,7.08,7.01,0.07,1.0,870242.53,611196.926
20180611,107,601939.SH,7.01,7.05,6.94,7.01,7.03,-0.02,-0.28,1082797.02,756004.885
20180608,108,601939.SH,7.15,7.15,7.02,7.03,7.18,-0.15,-2.09,1414921.04,1000555.963
20180607,109,601939.SH,7.18,7.25,7.14,7.18,7.13,0.05,0.7,1338168.93,961484.137
20180606,110,601939.SH,7.14,7.18,7.1,7.13,7.18,-0.05,-0.7,891237.09,636039.73
20180605,111,601939.SH,7.16,7.18,7.08,7.18,7.17,0.01,0.14,1075422.21,767443.427
20180604,112,601939.SH,7.1,7.23,7.09,7.17,7.08,0.09,1.27,1497404.09,1074269.053
20180601,113,601939.SH,7.09,7.17,7.04,7.08,7.12,-0.04,-0.56,984067.37,698373.882
20180531,114,601939.SH,7.09,7.16,7.05,7.12,7.05,0.07,0.99,1172526.5,833092.764
20180530,115,601939.SH,7.11,7.14,7.03,7.05,7.21,-0.16,-2.22,1319765.44,934859.311
20180529,116,601939.SH,7.25,7.26,7.08,7.21,7.27,-0.06,-0.83,2204374.07,1578430.629
20180528,117,601939.SH,7.28,7.29,7.21,7.27,7.29,-0.02,-0.27,1044712.56,757423.77
20180525,118,601939.SH,7.27,7.33,7.23,7.29,7.29,0.0,0.0,1418533.79,1031484.647
20180524,119,601939.SH,7.37,7.39,7.27,7.29,7.37,-0.08,-1.09,1447421.48,1059265.521
20180523,120,601939.SH,7.49,7.49,7.35,7.37,7.49,-0.12,-1.6,1396714.98,1033950.714
20180522,121,601939.SH,7.62,7.63,7.42,7.49,7.65,-0.16,-2.09,2062003.0,1547661.654
20180521,122,601939.SH,7.77,7.81,7.61,7.65,7.73,-0.08,-1.03,1818128.07,1394155.489
20180518,123,601939.SH,7.59,7.74,7.56,7.73,7.59,0.14,1.84,954169.47,730722.061
20180517,124,601939.SH,7.63,7.65,7.54,7.59,7.63,-0.04,-0.52,687345.51,521172.171
20180516,125,601939.SH,7.71,7.74,7.6,7.63,7.76,-0.13,-1.68,972967.83,745288.384
20180515,126,601939.SH,7.81,7.85,7.7,7.76,7.76,0.0,0.0,1154219.35,896035.366
20180514,127,601939.SH,7.75,7.87,7.66,7.76,7.74,0.02,0.26,1552628.33,1207130.551
20180511,128,601939.SH,7.61,7.82,7.56,7.74,7.58,0.16,2.11,2013199.8,1554537.107
20180510,129,601939.SH,7.61,7.69,7.51,7.58,7.59,-0.01,-0.13,1061464.16,804085.984
20180509,130,601939.SH,7.59,7.62,7.5,7.59,7.56,0.03,0.4,774355.85,585879.102
20180508,131,601939.SH,7.41,7.64,7.4,7.56,7.41,0.15,2.02,1982425.36,1499193.001
20180507,132,601939.SH,7.35,7.43,7.27,7.41,7.34,0.07,0.95,1147341.51,845446.733
20180504,133,601939.SH,7.42,7.46,7.33,7.34,7.45,-0.11,-1.48,1002510.55,738553.197
20180503,134,601939.SH,7.47,7.5,7.32,7.45,7.47,-0.02,-0.27,910052.98,675071.308
20180502,135,601939.SH,7.58,7.61,7.39,7.47,7.48,-0.01,-0.13,956966.69,717010.726
20180427,136,601939.SH,7.44,7.5,7.3,7.48,7.41,0.07,0.94,1211546.91,897778.208
20180426,137,601939.SH,7.49,7.51,7.34,7.41,7.47,-0.06,-0.8,1082034.93,802722.09
20180425,138,601939.SH,7.53,7.58,7.44,7.47,7.56,-0.09,-1.19,1282652.68,961983.412
20180424,139,601939.SH,7.5,7.8,7.5,7.56,7.43,0.13,1.75,2478710.27,1890884.591
20180423,140,601939.SH,7.33,7.5,7.3,7.43,7.37,0.06,0.81,1333865.29,989301.603
20180420,141,601939.SH,7.4,7.41,7.27,7.37,7.41,-0.04,-0.54,1182548.17,867528.278
20180419,142,601939.SH,7.34,7.5,7.34,7.41,7.35,0.06,0.82,1299610.47,966016.697
20180418,143,601939.SH,7.42,7.43,7.28,7.35,7.28,0.07,0.96,1807974.84,1329640.154
20180417,144,601939.SH,7.3,7.41,7.23,7.28,7.33,-0.05,-0.68,1478650.71,1081209.377
20180416,145,601939.SH,7.55,7.57,7.32,7.33,7.66,-0.33,-4.31,2509514.43,1852865.849
20180413,146,601939.SH,7.8,7.86,7.6,7.66,7.71,-0.05,-0.65,1211049.46,933748.086
20180412,147,601939.SH,7.89,7.93,7.68,7.71,7.95,-0.24,-3.02,1415127.66,1105389.77
20180411,148,601939.SH,7.82,8.02,7.78,7.95,7.81,0.14,1.79,2478006.36,1961469.617
20180410,149,601939.SH,7.36,7.84,7.34,7.81,7.36,0.45,6.11,2012190.24,1524866.215
20180409,150,601939.SH,7.39,7.44,7.29,7.36,7.38,-0.02,-0.27,866915.63,638612.419
20180404,151,601939.SH,7.46,7.57,7.33,7.38,7.46,-0.08,-1.07,1161172.04,863744.904
20180403,152,601939.SH,7.42,7.51,7.35,7.46,7.51,-0.05,-0.67,960357.45,712732.471
20180402,153,601939.SH,7.74,7.82,7.46,7.51,7.75,-0.24,-3.1,2011292.9,1527823.745
20180330,154,601939.SH,7.68,7.86,7.66,7.75,7.67,0.08,1.04,1372316.42,1064196.031
20180329,155,601939.SH,7.46,7.83,7.37,7.67,7.43,0.24,3.23,2279980.09,1730821.176
20180328,156,601939.SH,7.36,7.66,7.33,7.43,7.45,-0.02,-0.27,2114776.21,1583783.799
20180327,157,601939.SH,7.59,7.6,7.36,7.45,7.48,-0.03,-0.4,2059960.91,1533200.09
20180326,158,601939.SH,7.72,7.72,7.37,7.48,7.76,-0.28,-3.61,1928107.8,1444986.764
20180323,159,601939.SH,7.86,7.92,7.64,7.76,8.04,-0.28,-3.48,2184834.56,1692875.909
20180322,160,601939.SH,8.11,8.15,7.91,8.04,8.11,-0.07,-0.86,1089730.24,871047.45
20180321,161,601939.SH,8.15,8.22,8.07,8.11,8.11,0.0,0.0,950290.42,776413.33
20180320,162,601939.SH,7.97,8.14,7.96,8.11,8.03,0.08,1.0,1005053.45,812321.713
20180319,163,601939.SH,7.91,8.04,7.88,8.03,7.91,0.12,1.52,943986.27,751512.959
20180316,164,601939.SH,8.05,8.06,7.88,7.91,8.06,-0.15,-1.86,1328906.29,1059281.644
20180315,165,601939.SH,8.0,8.09,7.99,8.06,8.07,-0.01,-0.12,759044.1,610693.133
20180314,166,601939.SH,8.14,8.17,8.02,8.07,8.18,-0.11,-1.34,1005414.27,811335.699
20180313,167,601939.SH,8.14,8.29,8.14,8.18,8.15,0.03,0.37,1493107.53,1225102.742
20180312,168,601939.SH,8.3,8.34,8.13,8.15,8.25,-0.1,-1.21,2204776.05,1815386.237
20180309,169,601939.SH,8.22,8.3,8.18,8.25,8.18,0.07,0.86,1032048.2,850209.015
20180308,170,601939.SH,8.26,8.31,8.14,8.18,8.26,-0.08,-0.97,1244992.22,1023309.972
20180307,171,601939.SH,8.19,8.42,8.16,8.26,8.11,0.15,1.85,2383800.3,1980308.178
20180306,172,601939.SH,8.18,8.2,7.95,8.11,8.13,-0.02,-0.25,2110403.8,1704343.035
20180305,173,601939.SH,8.17,8.28,8.06,8.13,8.21,-0.08,-0.97,1109883.64,904059.458
20180302,174,601939.SH,8.16,8.32,8.04,8.21,8.24,-0.03,-0.36,1421278.02,1163761.178
20180301,175,601939.SH,8.23,8.38,8.18,8.24,8.31,-0.07,-0.84,1241335.85,1026615.85
20180228,176,601939.SH,8.3,8.38,8.18,8.31,8.42,-0.11,-1.31,1213791.56,1006162.334
20180227,177,601939.SH,8.71,8.74,8.34,8.42,8.75,-0.33,-3.77,1704024.94,1446251.118
20180226,178,601939.SH,8.9,8.95,8.67,8.75,8.8,-0.05,-0.57,1322404.13,1161279.305
20180223,179,601939.SH,8.81,8.83,8.68,8.8,8.78,0.02,0.23,1287604.03,1127740.405
20180222,180,601939.SH,8.7,8.82,8.68,8.78,8.48,0.3,3.54,1338655.75,1173404.498
20180214,181,601939.SH,8.43,8.55,8.25,8.48,8.42,0.06,0.71,1065938.35,895874.041
20180213,182,601939.SH,8.37,8.61,8.34,8.42,8.29,0.13,1.57,1907202.55,1614102.972
20180212,183,601939.SH,8.3,8.41,8.15,8.29,8.36,-0.07,-0.84,1522157.4,1262392.21
20180209,184,601939.SH,8.24,8.4,7.99,8.36,8.49,-0.13,-1.53,3266845.7,2690994.912
20180208,185,601939.SH,8.71,8.81,8.3,8.49,8.84,-0.35,-3.96,2618122.72,2236613.367
20180207,186,601939.SH,9.51,9.62,8.72,8.84,9.4,-0.56,-5.96,3265008.81,3001896.587
20180206,187,601939.SH,9.61,9.73,9.2,9.4,9.79,-0.39,-3.98,2948277.13,2793148.264
20180205,188,601939.SH,9.43,9.82,9.39,9.79,9.55,0.24,2.51,2259752.5,2185912.406
20180202,189,601939.SH,9.45,9.61,9.35,9.55,9.63,-0.08,-0.83,1721793.71,1637137.895
20180201,190,601939.SH,9.47,9.67,9.38,9.63,9.51,0.12,1.26,2655516.85,2529536.681
20180131,191,601939.SH,9.37,9.54,9.29,9.51,9.38,0.13,1.39,2055879.57,1939969.23
20180130,192,601939.SH,9.49,9.58,9.33,9.38,9.52,-0.14,-1.47,1713987.55,1614971.238
20180129,193,601939.SH,9.6,9.8,9.43,9.52,9.63,-0.11,-1.14,2617564.75,2517561.14
20180126,194,601939.SH,9.43,9.85,9.38,9.63,9.54,0.09,0.94,3888022.93,3743888.551
20180125,195,601939.SH,9.6,9.65,9.27,9.54,9.67,-0.13,-1.34,2801402.42,2651451.713
20180124,196,601939.SH,9.73,9.88,9.57,9.67,9.81,-0.14,-1.43,2826664.77,2740794.983
20180123,197,601939.SH,9.01,9.85,9.01,9.81,9.06,0.75,8.28,3268064.41,3109132.118
20180122,198,601939.SH,8.95,9.34,8.91,9.06,9.09,-0.03,-0.33,2636204.02,2407147.583
20180119,199,601939.SH,9.0,9.1,8.79,9.09,8.98,0.11,1.22,2450846.68,2194279.786
20180118,200,601939.SH,8.45,9.0,8.44,8.98,8.39,0.59,7.03,2259229.42,1966781.621
20180117,201,601939.SH,8.25,8.65,8.25,8.39,8.23,0.16,1.94,2576345.4,2181724.666
20180116,202,601939.SH,8.06,8.28,7.96,8.23,8.07,0.16,1.98,2083473.27,1685058.058
20180115,203,601939.SH,7.88,8.09,7.85,8.07,7.89,0.18,2.28,1612480.7,1293744.599
20180112,204,601939.SH,7.89,7.95,7.85,7.89,7.87,0.02,0.25,942870.86,743755.643
20180111,205,601939.SH,7.78,7.94,7.72,7.87,7.78,0.09,1.16,1119829.67,878376.097
20180110,206,601939.SH,7.58,7.78,7.56,7.78,7.56,0.22,2.91,1276000.32,982409.575
20180109,207,601939.SH,7.59,7.61,7.5,7.56,7.59,-0.03,-0.4,1176511.52,889775.026
20180108,208,601939.SH,7.7,7.73,7.56,7.59,7.68,-0.09,-1.17,1047007.81,796258.928
20180105,209,601939.SH,7.64,7.73,7.6,7.68,7.61,0.07,0.92,961898.89,737474.684
20180104,210,601939.SH,7.76,7.76,7.59,7.61,7.75,-0.14,-1.81,1458073.24,1113682.055
20180103,211,601939.SH,7.7,7.89,7.68,7.75,7.79,-0.04,-0.51,1205735.91,939761.621
20180102,212,601939.SH,7.69,8.0,7.64,7.79,7.68,0.11,1.43,2189443.46,1712285.874
20171229,213,601939.SH,7.55,7.73,7.5,7.68,7.55,0.13,1.72,1106196.17,848571.753
20171228,214,601939.SH,7.5,7.61,7.41,7.55,7.5,0.05,0.67,931307.2,698708.478
20171227,215,601939.SH,7.49,7.69,7.45,7.5,7.54,-0.04,-0.53,1332422.27,1009688.618
20171226,216,601939.SH,7.41,7.54,7.35,7.54,7.4,0.14,1.89,920589.3,688912.539
20171225,217,601939.SH,7.24,7.5,7.24,7.4,7.23,0.17,2.35,1279868.63,947167.353
20171222,218,601939.SH,7.25,7.26,7.2,7.23,7.24,-0.01,-0.14,496718.59,359181.905
20171221,219,601939.SH,7.3,7.32,7.21,7.24,7.27,-0.03,-0.41,753398.58,546744.422
20171220,220,601939.SH,7.24,7.4,7.21,7.27,7.25,0.02,0.28,1157591.07,846251.538
20171219,221,601939.SH,7.09,7.25,7.07,7.25,7.09,0.16,2.26,1082370.36,776315.307
20171218,222,601939.SH,6.98,7.11,6.97,7.09,6.97,0.12,1.72,1030604.05,727744.548
20171215,223,601939.SH,6.99,7.02,6.92,6.97,6.98,-0.01,-0.14,621196.54,433319.348
20171214,224,601939.SH,7.05,7.14,6.97,6.98,7.03,-0.05,-0.71,843070.29,594505.686
20171213,225,601939.SH,6.93,7.04,6.89,7.03,6.93,0.1,1.44,642431.18,447358.369
20171212,226,601939.SH,6.98,6.98,6.92,6.93,7.0,-0.07,-1.0,616828.33,428117.429
20171211,227,601939.SH,6.99,7.02,6.86,7.0,6.99,0.01,0.14,1013989.75,703717.048
20171208,228,601939.SH,7.0,7.02,6.97,6.99,7.04,-0.05,-0.71,700024.44,489190.355
20171207,229,601939.SH,7.12,7.13,6.95,7.04,7.14,-0.1,-1.4,970265.2,680367.276
20171206,230,601939.SH,7.14,7.19,7.07,7.14,7.15,-0.01,-0.14,811678.95,577488.408
20171205,231,601939.SH,7.0,7.19,6.98,7.15,7.0,0.15,2.14,1343556.91,952695.843
20171204,232,601939.SH,6.95,7.03,6.92,7.0,6.98,0.02,0.29,574954.77,401547.177
20171201,233,601939.SH,7.14,7.14,6.97,6.98,7.14,-0.16,-2.24,982088.89,690295.187
20171130,234,601939.SH,7.11,7.15,7.09,7.14,7.14,0.0,0.0,633904.99,451409.831
20171129,235,601939.SH,7.09,7.17,7.07,7.14,7.1,0.04,0.56,953477.12,678944.657
20171128,236,601939.SH,7.16,7.16,7.04,7.1,7.19,-0.09,-1.25,816019.43,577985.818
20171127,237,601939.SH,7.26,7.27,7.09,7.19,7.3,-0.11,-1.51,1358863.54,971354.106
20171124,238,601939.SH,7.33,7.37,7.13,7.3,7.33,-0.03,-0.41,957429.18,693547.149
20171123,239,601939.SH,7.37,7.51,7.22,7.33,7.37,-0.04,-0.54,1659596.93,1227653.545
20171122,240,601939.SH,7.2,7.38,7.19,7.37,7.12,0.25,3.51,1840468.64,1343957.136
20171121,241,601939.SH,7.09,7.21,7.06,7.12,7.12,0.0,0.0,1410941.23,1009745.597
20171120,242,601939.SH,6.96,7.15,6.95,7.12,6.99,0.13,1.86,1491939.18,1051740.936
20171117,243,601939.SH,6.79,7.0,6.79,6.99,6.78,0.21,3.1,1652931.45,1146765.444
20171116,244,601939.SH,6.83,6.86,6.78,6.78,6.84,-0.06,-0.88,661929.23,451753.391
20171115,245,601939.SH,6.84,6.86,6.8,6.84,6.84,0.0,0.0,478212.66,326611.203
20171114,246,601939.SH,6.83,6.87,6.82,6.84,6.84,0.0,0.0,1138174.76,779270.449
20171113,247,601939.SH,6.81,6.91,6.77,6.84,6.8,0.04,0.59,1895328.8,1294547.286
20171110,248,601939.SH,6.91,6.93,6.79,6.8,6.94,-0.14,-2.02,1576285.63,1076129.097
20171109,249,601939.SH,7.0,7.03,6.92,6.94,7.01,-0.07,-1.0,483120.25,335907.432
20171108,250,601939.SH,7.01,7.05,6.97,7.01,7.0,0.01,0.14,634527.41,445161.152
20171107,251,601939.SH,6.95,7.04,6.91,7.0,6.95,0.05,0.72,833535.15,580634.572
20171106,252,601939.SH,6.97,7.01,6.9,6.95,7.03,-0.08,-1.14,921310.01,639510.392
20171103,253,601939.SH,7.04,7.05,6.94,7.03,7.07,-0.04,-0.57,1076537.41,752742.992
20171102,254,601939.SH,7.06,7.08,6.97,7.07,7.06,0.01,0.14,645447.12,453071.54
20171101,255,601939.SH,7.16,7.19,7.0,7.06,7.16,-0.1,-1.4,1364605.64,964063.017
20171031,256,601939.SH,7.22,7.24,7.14,7.16,7.25,-0.09,-1.24,538460.2,386752.72
20171030,257,601939.SH,7.16,7.27,7.16,7.25,7.14,0.11,1.54,1179016.41,852493.716
20171027,258,601939.SH,7.03,7.23,7.01,7.14,7.0,0.14,2.0,1245118.23,890240.984
20171026,259,601939.SH,7.09,7.09,6.96,7.0,7.1,-0.1,-1.41,1004823.07,702942.553
20171025,260,601939.SH,7.14,7.16,7.08,7.1,7.16,-0.06,-0.84,440856.12,313256.519
20171024,261,601939.SH,7.13,7.2,7.1,7.16,7.12,0.04,0.56,401440.36,287087.621
20171023,262,601939.SH,7.2,7.23,7.12,7.12,7.2,-0.08,-1.11,433634.55,310593.181
20171020,263,601939.SH,7.27,7.27,7.2,7.2,7.29,-0.09,-1.23,309622.06,223602.723
20171019,264,601939.SH,7.2,7.29,7.2,7.29,7.24,0.05,0.69,811452.47,588746.02
20171018,265,601939.SH,7.09,7.26,7.05,7.24,7.08,0.16,2.26,1091252.85,781189.444
20171017,266,601939.SH,7.13,7.15,7.07,7.08,7.13,-0.05,-0.7,394423.85,280519.228
20171016,267,601939.SH,7.05,7.15,7.0,7.13,7.03,0.1,1.42,793653.35,561915.202
20171013,268,601939.SH,7.09,7.11,7.02,7.03,7.07,-0.04,-0.57,647112.08,458236.278
20171012,269,601939.SH,7.1,7.16,7.05,7.07,7.1,-0.03,-0.42,629691.33,447728.627
20171011,270,601939.SH,7.07,7.15,7.03,7.1,7.07,0.03,0.42,544828.78,386529.444
20171010,271,601939.SH,7.0,7.08,6.99,7.07,7.02,0.05,0.71,484829.91,341499.91
20171009,272,601939.SH,7.22,7.27,6.98,7.02,6.97,0.05,0.72,1255405.35,893299.396
20170929,273,601939.SH,6.95,7.01,6.93,6.97,6.98,-0.01,-0.14,382550.81,266570.75
20170928,274,601939.SH,6.97,7.0,6.9,6.98,6.96,0.02,0.29,598498.39,414882.805
20170927,275,601939.SH,7.04,7.05,6.93,6.96,7.05,-0.09,-1.28,563426.76,393028.328
20170926,276,601939.SH,7.07,7.1,7.04,7.05,7.09,-0.04,-0.56,453127.97,320090.378
20170925,277,601939.SH,6.93,7.1,6.93,7.09,7.0,0.09,1.29,1075970.13,757280.307
20170922,278,601939.SH,6.95,7.07,6.93,7.0,6.94,0.06,0.86,827403.26,578915.001
20170921,279,601939.SH,6.78,6.96,6.78,6.94,6.79,0.15,2.21,846666.32,584147.3
20170920,280,601939.SH,6.78,6.84,6.74,6.79,6.78,0.01,0.15,520050.4,354108.693
20170919,281,601939.SH,6.75,6.81,6.7,6.78,6.73,0.05,0.74,718872.96,485609.969
20170918,282,601939.SH,6.82,6.86,6.72,6.73,6.82,-0.09,-1.32,873215.84,592114.036
20170915,283,601939.SH,6.84,6.86,6.77,6.82,6.84,-0.02,-0.29,662765.39,451362.232
20170914,284,601939.SH,6.97,6.98,6.83,6.84,6.96,-0.12,-1.72,776343.27,535378.613
20170913,285,601939.SH,6.96,7.0,6.95,6.96,6.98,-0.02,-0.29,632268.04,441125.778
20170912,286,601939.SH,6.99,7.0,6.89,6.98,6.98,0.0,0.0,660449.86,457933.0
20170911,287,601939.SH,7.03,7.09,6.94,6.98,7.01,-0.03,-0.43,598338.45,420118.325
20170908,288,601939.SH,7.01,7.1,6.98,7.01,7.01,0.0,0.0,537298.47,378634.823
20170907,289,601939.SH,7.0,7.06,6.99,7.01,7.02,-0.01,-0.14,311253.79,218493.656
20170906,290,601939.SH,7.07,7.08,6.99,7.02,7.06,-0.04,-0.57,474552.29,333990.932
20170905,291,601939.SH,6.88,7.07,6.88,7.06,6.88,0.18,2.62,980738.29,687823.267
20170904,292,601939.SH,6.84,6.93,6.78,6.88,6.85,0.03,0.44,1231847.38,845227.422
20170901,293,601939.SH,6.94,7.02,6.84,6.85,6.99,-0.14,-2.0,1160792.93,804701.137
20170831,294,601939.SH,7.02,7.02,6.85,6.99,7.03,-0.04,-0.57,1912424.17,1324294.692
20170830,295,601939.SH,7.1,7.16,6.98,7.03,7.11,-0.08,-1.13,880846.68,622221.957
20170829,296,601939.SH,7.08,7.14,7.02,7.11,7.07,0.04,0.57,727196.23,514309.071
20170828,297,601939.SH,7.15,7.25,7.03,7.07,7.12,-0.05,-0.7,1222983.92,872609.241
20170825,298,601939.SH,6.96,7.15,6.95,7.12,6.95,0.17,2.45,1687385.38,1195764.556
20170824,299,601939.SH,6.9,7.05,6.87,6.95,6.9,0.05,0.72,918150.85,640827.516
20170823,300,601939.SH,6.78,6.91,6.75,6.9,6.78,0.12,1.77,949113.14,650487.86
20170822,301,601939.SH,6.73,6.79,6.73,6.78,6.76,0.02,0.3,359164.74,243089.218
20170821,302,601939.SH,6.69,6.78,6.66,6.76,6.73,0.03,0.45,572135.86,384629.061
20170818,303,601939.SH,6.71,6.78,6.63,6.73,6.76,-0.03,-0.44,793568.93,532429.419
20170817,304,601939.SH,6.76,6.77,6.7,6.76,6.76,0.0,0.0,488753.14,329003.874
20170816,305,601939.SH,6.78,6.81,6.7,6.76,6.81,-0.05,-0.73,804762.38,543778.697
20170815,306,601939.SH,6.64,6.88,6.64,6.81,6.61,0.2,3.03,1317533.49,895728.668
20170814,307,601939.SH,6.58,6.62,6.52,6.61,6.61,0.0,0.0,810004.05,531711.496
20170811,308,601939.SH,6.59,6.66,6.49,6.61,6.66,-0.05,-0.75,1659859.86,1089690.55
20170810,309,601939.SH,6.68,6.73,6.55,6.66,6.7,-0.04,-0.6,1204690.44,800358.454
20170809,310,601939.SH,6.85,6.87,6.69,6.7,6.88,-0.18,-2.62,759457.08,513514.629
20170808,311,601939.SH,6.82,6.89,6.78,6.88,6.84,0.04,0.58,562419.99,383880.511
20170807,312,601939.SH,6.84,6.9,6.78,6.84,6.86,-0.02,-0.29,669665.06,456354.691
20170804,313,601939.SH,6.83,6.92,6.81,6.86,6.86,0.0,0.0,640627.52,440408.114
20170803,314,601939.SH,6.89,7.02,6.82,6.86,6.89,-0.03,-0.44,1215734.83,841141.627
20170802,315,601939.SH,6.8,6.95,6.78,6.89,6.8,0.09,1.32,957675.66,658924.929
20170801,316,601939.SH,6.74,6.84,6.74,6.8,6.74,0.06,0.89,807966.66,549003.58
20170731,317,601939.SH,6.79,6.85,6.71,6.74,6.81,-0.07,-1.03,713414.37,484158.498
20170728,318,601939.SH,6.69,6.82,6.6,6.81,6.7,0.11,1.64,1163614.57,784894.225
20170727,319,601939.SH,6.74,6.77,6.66,6.7,6.76,-0.06,-0.89,980300.34,658202.087
20170726,320,601939.SH,6.63,6.87,6.6,6.76,6.66,0.1,1.5,1643465.51,1111916.673
20170725,321,601939.SH,6.47,6.7,6.47,6.66,6.47,0.19,2.94,1549434.11,1025866.742
20170724,322,601939.SH,6.43,6.55,6.42,6.47,6.45,0.02,0.31,997351.31,649187.573
20170721,323,601939.SH,6.46,6.48,6.41,6.45,6.48,-0.03,-0.46,664476.22,428112.153
20170720,324,601939.SH,6.42,6.49,6.41,6.48,6.44,0.04,0.62,789600.93,509693.361
20170719,325,601939.SH,6.39,6.52,6.37,6.44,6.41,0.03,0.47,1454360.01,938590.823
20170718,326,601939.SH,6.46,6.52,6.34,6.41,6.52,-0.11,-1.69,1342495.11,862962.023
20170717,327,601939.SH,6.33,6.53,6.3,6.52,6.32,0.2,3.16,2273222.54,1460350.925
20170714,328,601939.SH,6.31,6.34,6.27,6.32,6.3,0.02,0.32,739397.9,466551.793
20170713,329,601939.SH,6.3,6.35,6.28,6.3,6.27,0.03,0.48,1057485.84,667378.485
20170712,330,601939.SH,6.2,6.35,6.19,6.27,6.2,0.07,1.13,1131599.16,710667.487
20170711,331,601939.SH,6.08,6.23,6.07,6.2,6.08,0.12,1.97,1475909.71,909551.029
20170710,332,601939.SH,6.1,6.11,6.07,6.08,6.11,-0.03,-0.49,580242.15,353211.634
20170707,333,601939.SH,6.08,6.12,6.06,6.11,6.09,0.02,0.33,771369.48,469362.54
20170706,334,601939.SH,6.08,6.1,6.05,6.09,6.09,0.0,0.0,976960.93,593593.994
20170705,335,601939.SH,6.08,6.1,6.04,6.09,6.11,-0.02,-0.33,944267.95,573358.447
20170704,336,601939.SH,6.14,6.15,6.04,6.11,6.14,-0.03,-0.49,1017248.28,618898.754
20170703,337,601939.SH,6.14,6.17,6.11,6.14,6.15,-0.01,-0.16,710366.93,435630.691
20170630,338,601939.SH,6.19,6.19,6.1,6.15,6.16,-0.01,-0.16,932212.08,571550.848
20170629,339,601939.SH,6.4,6.45,6.39,6.44,6.4,0.04,0.63,910402.8,585142.224
20170628,340,601939.SH,6.37,6.44,6.34,6.4,6.36,0.04,0.63,1027073.68,658473.558
20170627,341,601939.SH,6.31,6.38,6.27,6.36,6.31,0.05,0.79,907832.88,573903.971
20170626,342,601939.SH,6.34,6.45,6.28,6.31,6.32,-0.01,-0.16,1816557.15,1161768.486
20170623,343,601939.SH,6.26,6.34,6.25,6.32,6.27,0.05,0.8,790155.51,498300.747
20170622,344,601939.SH,6.18,6.34,6.17,6.27,6.19,0.08,1.29,1551742.14,975858.015
20170621,345,601939.SH,6.19,6.2,6.14,6.19,6.17,0.02,0.32,399049.23,246438.343
20170620,346,601939.SH,6.13,6.19,6.13,6.17,6.13,0.04,0.65,489544.37,301397.938
20170619,347,601939.SH,6.12,6.19,6.1,6.13,6.12,0.01,0.16,880642.11,540556.944
20170616,348,601939.SH,6.16,6.18,6.06,6.12,6.16,-0.04,-0.65,680101.82,417126.214
20170615,349,601939.SH,6.23,6.24,6.14,6.16,6.25,-0.09,-1.44,616360.44,381432.126
20170614,350,601939.SH,6.27,6.28,6.19,6.25,6.27,-0.02,-0.32,620663.49,386469.511
20170613,351,601939.SH,6.24,6.28,6.22,6.27,6.24,0.03,0.48,462520.73,289117.749
20170612,352,601939.SH,6.2,6.3,6.19,6.24,6.21,0.03,0.48,966294.83,604246.412
20170609,353,601939.SH,6.18,6.3,6.16,6.21,6.18,0.03,0.49,1478414.1,921714.105
20170608,354,601939.SH,6.17,6.22,6.11,6.18,6.18,0.0,0.0,747925.03,461427.399
20170607,355,601939.SH,6.18,6.26,6.16,6.18,6.17,0.01,0.16,921008.48,571935.189
20170606,356,601939.SH,6.15,6.18,6.12,6.17,6.15,0.02,0.33,837859.91,514830.195
20170605,357,601939.SH,6.35,6.35,6.12,6.15,6.35,-0.2,-3.15,1927298.78,1192801.139
20170602,358,601939.SH,6.4,6.46,6.32,6.35,6.41,-0.06,-0.94,778597.72,497077.052
20170601,359,601939.SH,6.34,6.43,6.32,6.41,6.37,0.04,0.63,575035.11,366263.265
20170531,360,601939.SH,6.36,6.44,6.29,6.37,6.37,0.0,0.0,949552.55,602765.703
20170526,361,601939.SH,6.29,6.4,6.27,6.37,6.28,0.09,1.43,990681.36,629005.899
20170525,362,601939.SH,6.16,6.42,6.16,6.28,6.19,0.09,1.45,2275934.53,1436450.909
20170524,363,601939.SH,6.2,6.24,6.15,6.19,6.2,-0.01,-0.16,908228.93,561426.576
20170523,364,601939.SH,6.11,6.26,6.11,6.2,6.11,0.09,1.47,1494632.91,925646.548
20170522,365,601939.SH,6.05,6.12,6.03,6.11,6.05,0.06,0.99,693323.19,422403.914
20170519,366,601939.SH,6.06,6.09,6.02,6.05,6.07,-0.02,-0.33,514961.71,311419.186
20170518,367,601939.SH,6.03,6.07,6.02,6.07,6.05,0.02,0.33,443897.14,268747.588
20170517,368,601939.SH,6.09,6.1,6.03,6.05,6.11,-0.06,-0.98,755089.24,457053.84
20170516,369,601939.SH,6.13,6.13,6.05,6.11,6.15,-0.04,-0.65,937219.2,570455.29
20170515,370,601939.SH,6.17,6.28,6.14,6.15,6.16,-0.01,-0.16,1077501.57,666822.777
20170512,371,601939.SH,5.99,6.17,5.97,6.16,6.0,0.16,2.67,1662072.25,1015424.283
20170511,372,601939.SH,5.94,6.01,5.94,6.0,5.94,0.06,1.01,1025013.17,614183.468
20170510,373,601939.SH,5.93,5.96,5.91,5.94,5.93,0.01,0.17,597256.84,354588.116
20170509,374,601939.SH,5.93,5.96,5.9,5.93,5.93,0.0,0.0,560406.41,332545.378
20170508,375,601939.SH,5.91,5.94,5.89,5.93,5.94,-0.01,-0.17,808904.4,478918.672
20170505,376,601939.SH,5.88,5.95,5.85,5.94,5.89,0.05,0.85,753814.23,443928.331
20170504,377,601939.SH,5.88,5.91,5.84,5.89,5.88,0.01,0.17,468720.29,275780.464
20170503,378,601939.SH,5.91,5.92,5.86,5.88,5.91,-0.03,-0.51,335842.8,197904.285
20170502,379,601939.SH,5.97,5.98,5.91,5.91,5.98,-0.07,-1.17,373160.34,221592.367
20170428,380,601939.SH,5.94,6.0,5.92,5.98,5.96,0.02,0.34,573759.03,342044.742
20170427,381,601939.SH,5.98,6.01,5.88,5.96,5.98,-0.02,-0.33,809166.65,480562.14
20170426,382,601939.SH,5.92,6.0,5.92,5.98,5.93,0.05,0.84,887092.84,529366.649
20170425,383,601939.SH,5.89,5.96,5.88,5.93,5.9,0.03,0.51,606890.32,359441.355
20170424,384,601939.SH,5.89,5.93,5.85,5.9,5.92,-0.02,-0.34,749064.32,441441.231
20170421,385,601939.SH,5.76,5.93,5.76,5.92,5.76,0.16,2.78,892399.78,522049.177
20170420,386,601939.SH,5.75,5.79,5.73,5.76,5.76,0.0,0.0,456677.4,262950.518
20170419,387,601939.SH,5.82,5.83,5.75,5.76,5.83,-0.07,-1.2,749433.24,434127.74
20170418,388,601939.SH,5.87,5.88,5.82,5.83,5.89,-0.06,-1.02,493814.6,288696.628
20170417,389,601939.SH,5.87,5.9,5.82,5.89,5.88,0.01,0.17,653860.87,382871.16
20170414,390,601939.SH,5.91,5.93,5.87,5.88,5.92,-0.04,-0.68,441946.01,260273.442
20170413,391,601939.SH,5.95,5.96,5.9,5.92,5.96,-0.04,-0.67,280289.13,166396.379
20170412,392,601939.SH,5.89,6.01,5.88,5.96,5.9,0.06,1.02,667572.2,396278.815
20170411,393,601939.SH,5.95,5.96,5.86,5.9,5.96,-0.06,-1.01,720497.35,425479.891
20170410,394,601939.SH,6.04,6.04,5.95,5.96,6.02,-0.06,-1.0,672521.29,402509.537
20170407,395,601939.SH,6.0,6.03,5.98,6.02,6.0,0.02,0.33,654058.2,392683.917
20170406,396,601939.SH,6.01,6.02,5.98,6.0,6.01,-0.01,-0.17,681170.97,408730.17
20170405,397,601939.SH,5.97,6.03,5.96,6.01,5.94,0.07,1.18,944846.0,566527.599
20170331,398,601939.SH,5.91,5.98,5.9,5.94,5.93,0.01,0.17,812270.52,482403.827
20170330,399,601939.SH,5.91,5.94,5.84,5.93,5.93,0.0,0.0,854537.98,503068.987
20170329,400,601939.SH,5.91,5.93,5.9,5.93,5.91,0.02,0.34,555906.81,328954.949
20170328,401,601939.SH,5.92,5.93,5.89,5.91,5.92,-0.01,-0.17,389463.1,230246.795
20170327,402,601939.SH,5.83,5.94,5.82,5.92,5.84,0.08,1.37,945371.24,558125.385
20170324,403,601939.SH,5.82,5.85,5.8,5.84,5.84,0.0,0.0,522431.15,304069.812
20170323,404,601939.SH,5.79,5.86,5.79,5.84,5.8,0.04,0.69,391569.06,228401.132
20170322,405,601939.SH,5.87,5.88,5.77,5.8,5.89,-0.09,-1.53,713310.32,415386.612
20170321,406,601939.SH,5.88,5.92,5.86,5.89,5.88,0.01,0.17,569038.54,335075.903
20170320,407,601939.SH,5.9,5.91,5.85,5.88,5.89,-0.01,-0.17,424212.5,249086.739
20170317,408,601939.SH,5.93,5.94,5.86,5.89,5.92,-0.03,-0.51,470305.36,277501.242
20170316,409,601939.SH,5.92,5.99,5.91,5.92,5.93,-0.01,-0.17,846117.44,503195.362
20170315,410,601939.SH,5.92,5.94,5.89,5.93,5.93,0.0,0.0,416114.12,246073.959
20170314,411,601939.SH,5.92,5.95,5.92,5.93,5.93,0.0,0.0,417603.93,247915.943
20170313,412,601939.SH,5.86,5.93,5.82,5.93,5.88,0.05,0.85,467219.91,274716.913
20170310,413,601939.SH,5.87,5.9,5.84,5.88,5.87,0.01,0.17,494635.01,289983.886
20170309,414,601939.SH,5.89,5.91,5.86,5.87,5.89,-0.02,-0.34,446550.62,262636.584
20170308,415,601939.SH,5.93,5.94,5.89,5.89,5.94,-0.05,-0.84,330347.26,195082.352
20170307,416,601939.SH,5.88,5.95,5.88,5.94,5.88,0.06,1.02,478673.7,283222.91
20170306,417,601939.SH,5.86,5.94,5.86,5.88,5.88,0.0,0.0,679142.61,401411.681
20170303,418,601939.SH,5.89,5.91,5.85,5.88,5.91,-0.03,-0.51,369728.71,217574.243
20170302,419,601939.SH,5.9,5.94,5.89,5.91,5.89,0.02,0.34,697026.42,412714.233
20170301,420,601939.SH,5.92,5.96,5.86,5.89,5.92,-0.03,-0.51,767408.09,453746.929
20170228,421,601939.SH,5.89,5.93,5.88,5.92,5.9,0.02,0.34,418062.75,246679.914
20170227,422,601939.SH,5.95,5.95,5.87,5.9,5.95,-0.05,-0.84,582523.9,344174.526
20170224,423,601939.SH,5.96,5.97,5.93,5.95,5.97,-0.02,-0.34,400860.94,238584.91
20170223,424,601939.SH,5.97,6.0,5.92,5.97,5.97,0.0,0.0,483871.75,288047.529
20170222,425,601939.SH,5.94,5.97,5.91,5.97,5.94,0.03,0.51,377584.17,224508.825
20170221,426,601939.SH,5.97,6.02,5.91,5.94,5.98,-0.04,-0.67,1088188.61,647973.786
20170220,427,601939.SH,5.85,6.01,5.84,5.98,5.86,0.12,2.05,1345928.27,802417.564
20170217,428,601939.SH,5.94,5.95,5.82,5.86,5.94,-0.08,-1.35,693128.11,407497.143
20170216,429,601939.SH,5.93,5.99,5.89,5.94,5.92,0.02,0.34,906762.8,539617.899
20170215,430,601939.SH,5.79,5.96,5.78,5.92,5.79,0.13,2.25,1668304.91,983937.965
20170214,431,601939.SH,5.76,5.8,5.75,5.79,5.77,0.02,0.35,594869.22,344114.293
20170213,432,601939.SH,5.73,5.81,5.72,5.77,5.72,0.05,0.87,697625.6,402633.338
20170210,433,601939.SH,5.69,5.72,5.67,5.72,5.68,0.04,0.7,567283.01,323380.369
20170209,434,601939.SH,5.64,5.7,5.64,5.68,5.65,0.03,0.53,483997.41,274375.671
20170208,435,601939.SH,5.64,5.66,5.59,5.65,5.65,0.0,0.0,531810.25,298996.497
20170207,436,601939.SH,5.65,5.66,5.62,5.65,5.66,-0.01,-0.18,487201.45,274490.201
20170206,437,601939.SH,5.7,5.7,5.64,5.66,5.69,-0.03,-0.53,689107.66,389755.47
20170203,438,601939.SH,5.75,5.77,5.68,5.69,5.75,-0.06,-1.04,497666.44,285123.977
20170126,439,601939.SH,5.69,5.77,5.68,5.75,5.68,0.07,1.23,812376.06,465888.086
20170125,440,601939.SH,5.66,5.7,5.65,5.68,5.65,0.03,0.53,714697.92,405532.59
20170124,441,601939.SH,5.58,5.66,5.57,5.65,5.58,0.07,1.25,819026.9,459920.011
20170123,442,601939.SH,5.61,5.61,5.55,5.58,5.61,-0.03,-0.53,772529.09,431290.396
20170120,443,601939.SH,5.6,5.62,5.58,5.61,5.62,-0.01,-0.18,541866.19,303534.518
20170119,444,601939.SH,5.61,5.66,5.56,5.62,5.62,0.0,0.0,774986.35,434444.203
20170118,445,601939.SH,5.61,5.64,5.6,5.62,5.62,0.0,0.0,673660.09,378381.241
20170117,446,601939.SH,5.58,5.64,5.57,5.62,5.61,0.01,0.18,654734.1,367107.471
20170116,447,601939.SH,5.53,5.64,5.5,5.61,5.54,0.07,1.26,1534745.68,854889.004
20170113,448,601939.SH,5.47,5.57,5.47,5.54,5.49,0.05,0.91,897145.63,496160.056
20170112,449,601939.SH,5.47,5.5,5.45,5.49,5.47,0.02,0.37,497784.3,272989.231
20170111,450,601939.SH,5.47,5.5,5.45,5.47,5.47,0.0,0.0,510839.49,279972.944
20170110,451,601939.SH,5.46,5.48,5.45,5.47,5.47,0.0,0.0,394189.88,215254.566
20170109,452,601939.SH,5.44,5.49,5.42,5.47,5.46,0.01,0.18,696416.52,379994.971
20170106,453,601939.SH,5.48,5.48,5.43,5.46,5.49,-0.03,-0.55,610040.72,333176.814
20170105,454,601939.SH,5.49,5.49,5.47,5.49,5.49,0.0,0.0,470848.36,257981.093
20170104,455,601939.SH,5.47,5.51,5.46,5.49,5.49,0.0,0.0,761883.3,417894.462
20170103,456,601939.SH,5.44,5.53,5.42,5.49,5.44,0.05,0.92,769142.07,421117.955
20161230,457,601939.SH,5.43,5.45,5.39,5.44,5.43,0.01,0.18,935523.53,507598.709
20161229,458,601939.SH,5.38,5.45,5.37,5.43,5.37,0.06,1.12,644634.99,349336.554
20161228,459,601939.SH,5.36,5.37,5.33,5.37,5.36,0.01,0.19,360081.94,192682.75
20161227,460,601939.SH,5.35,5.38,5.33,5.36,5.36,0.0,0.0,430233.62,230219.826
20161226,461,601939.SH,5.32,5.37,5.29,5.36,5.33,0.03,0.56,437602.79,232831.278
20161223,462,601939.SH,5.34,5.36,5.31,5.33,5.35,-0.02,-0.37,520225.19,277127.836
20161222,463,601939.SH,5.37,5.39,5.33,5.35,5.37,-0.02,-0.37,416420.51,222702.776
20161221,464,601939.SH,5.34,5.4,5.32,5.37,5.33,0.04,0.75,611699.33,328192.07
20161220,465,601939.SH,5.39,5.4,5.3,5.33,5.39,-0.06,-1.11,611636.15,326145.079
20161219,466,601939.SH,5.35,5.41,5.35,5.39,5.38,0.01,0.19,527958.51,284343.338
20161216,467,601939.SH,5.41,5.43,5.34,5.38,5.41,-0.03,-0.55,950021.44,510683.74
20161215,468,601939.SH,5.59,5.59,5.38,5.41,5.61,-0.2,-3.57,1545805.48,845906.484
20161214,469,601939.SH,5.61,5.7,5.58,5.61,5.61,0.0,0.0,898299.23,505429.963
20161213,470,601939.SH,5.68,5.71,5.58,5.61,5.71,-0.1,-1.75,1014432.83,570862.826
20161212,471,601939.SH,5.71,5.84,5.63,5.71,5.73,-0.02,-0.35,2053960.55,1178148.279
20161209,472,601939.SH,5.56,5.75,5.55,5.73,5.57,0.16,2.87,1891744.49,1077328.699
20161208,473,601939.SH,5.55,5.58,5.53,5.57,5.55,0.02,0.36,578533.35,321389.668
20161207,474,601939.SH,5.59,5.59,5.51,5.55,5.6,-0.05,-0.89,893172.0,495148.75
20161206,475,601939.SH,5.64,5.66,5.56,5.6,5.65,-0.05,-0.89,943498.49,529495.723
20161205,476,601939.SH,5.62,5.7,5.59,5.65,5.65,0.0,0.0,1058465.99,596894.834
20161202,477,601939.SH,5.58,5.72,5.55,5.65,5.59,0.06,1.07,1460173.91,821995.128
20161201,478,601939.SH,5.56,5.63,5.55,5.59,5.57,0.02,0.36,662187.07,371027.915
20161130,479,601939.SH,5.63,5.67,5.55,5.57,5.63,-0.06,-1.07,908037.67,507663.83
20161129,480,601939.SH,5.58,5.67,5.56,5.63,5.59,0.04,0.72,1062716.49,596811.873
20161128,481,601939.SH,5.57,5.76,5.56,5.59,5.56,0.03,0.54,1701170.26,959817.439
20161125,482,601939.SH,5.41,5.57,5.41,5.56,5.39,0.17,3.15,2027986.19,1114601.075
20161124,483,601939.SH,5.39,5.41,5.35,5.39,5.4,-0.01,-0.19,1260769.87,677655.376
20161123,484,601939.SH,5.35,5.49,5.35,5.4,5.36,0.04,0.75,1379469.84,748246.881
20161122,485,601939.SH,5.32,5.36,5.3,5.36,5.32,0.04,0.75,953146.3,508476.215
20161121,486,601939.SH,5.28,5.34,5.28,5.32,5.29,0.03,0.57,737195.01,392121.778
20161118,487,601939.SH,5.3,5.31,5.28,5.29,5.31,-0.02,-0.38,345253.8,182598.781
20161117,488,601939.SH,5.29,5.31,5.29,5.31,5.31,0.0,0.0,277576.01,147048.01
20161116,489,601939.SH,5.32,5.32,5.28,5.31,5.31,0.0,0.0,577149.0,305863.396
20161115,490,601939.SH,5.32,5.34,5.28,5.31,5.33,-0.02,-0.38,1071298.1,569173.214
20161114,491,601939.SH,5.3,5.34,5.29,5.33,5.32,0.01,0.19,950988.8,505761.93
20161111,492,601939.SH,5.3,5.32,5.28,5.32,5.31,0.01,0.19,616989.06,327382.347
20161110,493,601939.SH,5.29,5.32,5.28,5.31,5.27,0.04,0.76,552053.34,292540.915
20161109,494,601939.SH,5.3,5.3,5.21,5.27,5.3,-0.03,-0.57,1030525.9,542425.154
20161108,495,601939.SH,5.26,5.32,5.26,5.3,5.25,0.05,0.95,1105835.46,585285.162
20161107,496,601939.SH,5.24,5.27,5.23,5.25,5.25,0.0,0.0,528669.42,277436.599
20161104,497,601939.SH,5.28,5.31,5.23,5.25,5.29,-0.04,-0.76,777566.65,409596.688
20161103,498,601939.SH,5.25,5.3,5.24,5.29,5.26,0.03,0.57,599307.82,316283.981
20161102,499,601939.SH,5.28,5.28,5.24,5.26,5.29,-0.03,-0.57,537597.61,282686.208
20161101,500,601939.SH,5.25,5.3,5.25,5.29,5.26,0.03,0.57,456870.49,241192.692
20161031,501,601939.SH,5.25,5.27,5.22,5.26,5.26,0.0,0.0,346050.1,181741.363
20161028,502,601939.SH,5.23,5.29,5.22,5.26,5.23,0.03,0.57,697747.03,367534.482
20161027,503,601939.SH,5.24,5.25,5.21,5.23,5.25,-0.02,-0.38,331828.9,173462.232
20161026,504,601939.SH,5.28,5.29,5.24,5.25,5.29,-0.04,-0.76,429667.95,225987.476
20161025,505,601939.SH,5.28,5.29,5.25,5.29,5.28,0.01,0.19,482914.01,254616.863
20161024,506,601939.SH,5.2,5.3,5.2,5.28,5.2,0.08,1.54,1119054.59,588854.369
20161021,507,601939.SH,5.17,5.2,5.17,5.2,5.18,0.02,0.39,383756.23,198927.975
20161020,508,601939.SH,5.18,5.19,5.16,5.18,5.18,0.0,0.0,361665.03,187280.718
20161019,509,601939.SH,5.17,5.21,5.16,5.18,5.17,0.01,0.19,537588.05,278897.259
20161018,510,601939.SH,5.12,5.17,5.12,5.17,5.14,0.03,0.58,501518.28,258155.804
20161017,511,601939.SH,5.17,5.17,5.12,5.14,5.16,-0.02,-0.39,491813.37,253053.473
20161014,512,601939.SH,5.15,5.16,5.13,5.16,5.16,0.0,0.0,573572.62,294766.257
20161013,513,601939.SH,5.18,5.19,5.13,5.16,5.18,-0.02,-0.39,745603.22,384170.895
20161012,514,601939.SH,5.2,5.2,5.16,5.18,5.21,-0.03,-0.58,475955.92,246527.45
20161011,515,601939.SH,5.22,5.22,5.19,5.21,5.21,0.0,0.0,480473.8,250199.358
20161010,516,601939.SH,5.19,5.22,5.19,5.21,5.18,0.03,0.58,490212.68,255302.578
20160930,517,601939.SH,5.16,5.21,5.16,5.18,5.17,0.01,0.19,323296.83,167598.37
20160929,518,601939.SH,5.16,5.19,5.15,5.17,5.15,0.02,0.39,416334.15,215305.145
20160928,519,601939.SH,5.18,5.18,5.14,5.15,5.19,-0.04,-0.77,334094.68,172610.877
20160927,520,601939.SH,5.15,5.19,5.13,5.19,5.16,0.03,0.58,416718.9,214966.164
20160926,521,601939.SH,5.23,5.24,5.15,5.16,5.23,-0.07,-1.34,700784.77,363679.242
20160923,522,601939.SH,5.21,5.24,5.2,5.23,5.21,0.02,0.38,375620.46,196376.546
20160922,523,601939.SH,5.19,5.23,5.17,5.21,5.17,0.04,0.77,535465.88,278622.432
20160921,524,601939.SH,5.15,5.19,5.14,5.17,5.15,0.02,0.39,334686.77,172862.513
20160920,525,601939.SH,5.16,5.16,5.13,5.15,5.17,-0.02,-0.39,389649.13,200334.627
20160919,526,601939.SH,5.13,5.17,5.13,5.17,5.13,0.04,0.78,567656.5,292233.171
20160914,527,601939.SH,5.16,5.17,5.12,5.13,5.17,-0.04,-0.77,758320.82,389887.895
20160913,528,601939.SH,5.17,5.18,5.15,5.17,5.16,0.01,0.19,399521.97,206459.351
20160912,529,601939.SH,5.23,5.24,5.14,5.16,5.26,-0.1,-1.9,1053319.51,545699.455
20160909,530,601939.SH,5.27,5.3,5.25,5.26,5.28,-0.02,-0.38,541276.29,285762.734
20160908,531,601939.SH,5.29,5.29,5.25,5.28,5.28,0.0,0.0,458808.4,241830.449
20160907,532,601939.SH,5.3,5.31,5.27,5.28,5.3,-0.02,-0.38,627641.7,332230.387
20160906,533,601939.SH,5.31,5.33,5.28,5.3,5.31,-0.01,-0.19,748187.59,397198.91
20160905,534,601939.SH,5.3,5.31,5.29,5.31,5.3,0.01,0.19,690121.22,365709.774
20160902,535,601939.SH,5.28,5.34,5.26,5.3,5.3,0.0,0.0,928410.37,492117.303
20160901,536,601939.SH,5.27,5.33,5.26,5.3,5.27,0.03,0.57,739653.1,391341.739
20160831,537,601939.SH,5.26,5.28,5.24,5.27,5.26,0.01,0.19,583025.53,306983.614
20160830,538,601939.SH,5.24,5.27,5.24,5.26,5.24,0.02,0.38,779900.47,409947.015
20160829,539,601939.SH,5.27,5.28,5.21,5.24,5.27,-0.03,-0.57,686487.16,359616.944
20160826,540,601939.SH,5.33,5.34,5.26,5.27,5.33,-0.06,-1.13,641056.84,339040.666
20160825,541,601939.SH,5.32,5.36,5.3,5.33,5.32,0.01,0.19,774670.11,412812.552
20160824,542,601939.SH,5.33,5.34,5.29,5.32,5.34,-0.02,-0.37,543587.05,289056.865
20160823,543,601939.SH,5.27,5.35,5.27,5.34,5.29,0.05,0.95,778577.5,414540.956
20160822,544,601939.SH,5.26,5.31,5.24,5.29,5.27,0.02,0.38,699041.93,368275.617
20160819,545,601939.SH,5.26,5.27,5.23,5.27,5.26,0.01,0.19,540053.78,283545.322
20160818,546,601939.SH,5.29,5.31,5.23,5.26,5.29,-0.03,-0.57,767116.9,404018.903
20160817,547,601939.SH,5.32,5.33,5.25,5.29,5.33,-0.04,-0.75,812419.85,429584.262
20160816,548,601939.SH,5.46,5.47,5.29,5.33,5.46,-0.13,-2.38,1965568.32,1051022.65
20160815,549,601939.SH,5.38,5.54,5.34,5.46,5.35,0.11,2.06,1651119.6,899776.588
20160812,550,601939.SH,5.2,5.36,5.19,5.35,5.19,0.16,3.08,1518503.87,803644.625
20160811,551,601939.SH,5.1,5.23,5.1,5.19,5.11,0.08,1.57,1447959.08,752121.934
20160810,552,601939.SH,5.11,5.12,5.08,5.11,5.1,0.01,0.2,562540.56,287075.388
20160809,553,601939.SH,5.08,5.12,5.07,5.1,5.08,0.02,0.39,641744.56,326819.784
20160808,554,601939.SH,5.05,5.08,5.04,5.08,5.05,0.03,0.59,542414.06,274879.137
20160805,555,601939.SH,5.03,5.06,5.02,5.05,5.03,0.02,0.4,472871.9,238531.15
20160804,556,601939.SH,5.06,5.07,5.01,5.03,5.06,-0.03,-0.59,606911.66,305135.084
20160803,557,601939.SH,5.07,5.09,5.04,5.06,5.09,-0.03,-0.59,346472.97,175467.896
20160802,558,601939.SH,5.09,5.1,5.06,5.09,5.09,0.0,0.0,402821.56,204644.036
20160801,559,601939.SH,5.06,5.1,5.04,5.09,5.06,0.03,0.59,659154.57,334478.63
20160729,560,601939.SH,5.02,5.07,5.02,5.06,5.03,0.03,0.6,574778.02,290244.955
20160728,561,601939.SH,5.03,5.05,5.01,5.03,5.05,-0.02,-0.4,576019.49,289514.12
20160727,562,601939.SH,5.08,5.09,4.95,5.05,5.08,-0.03,-0.59,1085912.52,545340.703
20160726,563,601939.SH,5.02,5.1,5.01,5.08,5.03,0.05,0.99,583590.88,294832.306
20160725,564,601939.SH,5.02,5.08,5.01,5.03,5.02,0.01,0.2,574036.95,288977.4
20160722,565,601939.SH,5.07,5.07,5.0,5.02,5.07,-0.05,-0.99,460082.87,231612.847
20160721,566,601939.SH,5.04,5.11,5.03,5.07,5.05,0.02,0.4,633489.12,321541.244
20160720,567,601939.SH,5.13,5.13,5.04,5.05,5.13,-0.08,-1.56,653858.67,331689.359
20160719,568,601939.SH,5.18,5.19,5.1,5.13,5.18,-0.05,-0.97,636622.81,326923.422
20160718,569,601939.SH,5.09,5.19,5.09,5.18,5.09,0.09,1.77,1575050.34,811952.295
20160715,570,601939.SH,5.03,5.1,5.01,5.09,5.01,0.08,1.6,805617.55,408571.222
20160714,571,601939.SH,5.04,5.08,5.0,5.01,5.06,-0.05,-0.99,618017.41,310306.894
20160713,572,601939.SH,4.97,5.14,4.97,5.06,4.95,0.11,2.22,1815161.13,919629.936
20160712,573,601939.SH,4.81,4.99,4.8,4.95,4.8,0.15,3.13,1688652.52,825989.422
20160711,574,601939.SH,4.76,4.82,4.75,4.8,4.75,0.05,1.05,861183.08,413359.898
20160708,575,601939.SH,4.8,4.81,4.75,4.75,4.81,-0.06,-1.25,539204.1,257236.559
20160707,576,601939.SH,4.81,4.82,4.79,4.81,4.81,0.0,0.0,495878.27,238070.647
20160706,577,601939.SH,4.8,4.82,4.79,4.81,4.81,0.0,0.0,652292.41,313493.442
20160705,578,601939.SH,4.79,4.81,4.78,4.81,4.8,0.01,0.21,818993.69,392469.242
20160704,579,601939.SH,4.76,4.82,4.75,4.8,4.76,0.04,0.84,903210.25,433009.452
20160701,580,601939.SH,4.75,4.77,4.74,4.76,4.75,0.01,0.21,578879.09,275472.783
20160630,581,601939.SH,4.73,4.76,4.71,4.75,4.74,0.01,0.21,1305556.66,617810.277
20160629,582,601939.SH,5.0,5.01,4.98,5.01,5.0,0.01,0.2,1320042.19,659204.963
20160628,583,601939.SH,4.98,5.0,4.97,5.0,4.99,0.01,0.2,863719.54,430665.278
20160627,584,601939.SH,4.96,4.99,4.94,4.99,4.96,0.03,0.6,689606.0,342041.996
20160624,585,601939.SH,5.0,5.02,4.91,4.96,5.01,-0.05,-1.0,937329.63,466198.911
20160623,586,601939.SH,4.97,5.01,4.96,5.01,4.97,0.04,0.8,881525.32,440043.342
20160622,587,601939.SH,4.94,4.97,4.91,4.97,4.94,0.03,0.61,1065332.19,526772.512
20160621,588,601939.SH,4.92,4.96,4.91,4.94,4.92,0.02,0.41,557755.15,275124.041
20160620,589,601939.SH,4.91,4.93,4.89,4.92,4.9,0.02,0.41,438169.22,215053.469
20160617,590,601939.SH,4.89,4.91,4.88,4.9,4.89,0.01,0.2,414232.98,202902.369
20160616,591,601939.SH,4.89,4.9,4.88,4.89,4.9,-0.01,-0.2,585289.96,286216.25
20160615,592,601939.SH,4.88,4.92,4.87,4.9,4.91,-0.01,-0.2,564085.7,276070.734
20160614,593,601939.SH,4.87,4.91,4.86,4.91,4.87,0.04,0.82,651321.16,319144.696
20160613,594,601939.SH,4.88,4.92,4.87,4.87,4.91,-0.04,-0.81,830358.59,406316.491
20160608,595,601939.SH,4.96,4.96,4.88,4.91,4.95,-0.04,-0.81,775987.83,381420.709
20160607,596,601939.SH,4.93,4.97,4.93,4.95,4.93,0.02,0.41,847966.28,419591.301
20160606,597,601939.SH,4.89,4.94,4.89,4.93,4.9,0.03,0.61,810973.41,398386.845
20160603,598,601939.SH,4.88,4.91,4.86,4.9,4.87,0.03,0.62,790440.7,386098.585
20160602,599,601939.SH,4.86,4.87,4.85,4.87,4.87,0.0,0.0,470531.78,228784.969
20160601,600,601939.SH,4.87,4.88,4.85,4.87,4.88,-0.01,-0.2,955246.05,465104.576
20160531,601,601939.SH,4.79,4.9,4.79,4.88,4.8,0.08,1.67,1727872.62,839303.316
20160530,602,601939.SH,4.78,4.8,4.76,4.8,4.78,0.02,0.42,762080.17,364575.415
20160527,603,601939.SH,4.77,4.79,4.76,4.78,4.77,0.01,0.21,442170.05,211120.773
20160526,604,601939.SH,4.75,4.77,4.74,4.77,4.76,0.01,0.21,681568.93,324133.63
20160525,605,601939.SH,4.75,4.77,4.74,4.76,4.75,0.01,0.21,599844.12,285141.873
20160524,606,601939.SH,4.74,4.76,4.73,4.75,4.74,0.01,0.21,602540.6,285941.842
20160523,607,601939.SH,4.71,4.74,4.7,4.74,4.71,0.03,0.64,524420.25,248142.052
20160520,608,601939.SH,4.69,4.72,4.68,4.71,4.7,0.01,0.21,657951.38,309273.472
20160519,609,601939.SH,4.68,4.71,4.67,4.7,4.69,0.01,0.21,545224.31,255860.433
20160518,610,601939.SH,4.69,4.69,4.66,4.69,4.69,0.0,0.0,775443.2,362477.124
20160517,611,601939.SH,4.7,4.71,4.68,4.69,4.7,-0.01,-0.21,408688.32,191673.432
20160516,612,601939.SH,4.68,4.71,4.67,4.7,4.69,0.01,0.21,540093.57,253361.845
20160513,613,601939.SH,4.68,4.7,4.67,4.69,4.69,0.0,0.0,993852.79,465504.27
20160512,614,601939.SH,4.69,4.7,4.66,4.69,4.7,-0.01,-0.21,580069.79,271204.006
20160511,615,601939.SH,4.69,4.72,4.66,4.7,4.69,0.01,0.21,705350.78,331020.254
20160510,616,601939.SH,4.64,4.71,4.64,4.69,4.65,0.04,0.86,942987.66,441447.177
20160509,617,601939.SH,4.7,4.7,4.64,4.65,4.69,-0.04,-0.85,1017917.46,474851.115
20160506,618,601939.SH,4.74,4.75,4.69,4.69,4.74,-0.05,-1.05,1003159.34,473173.576
20160505,619,601939.SH,4.72,4.75,4.7,4.74,4.72,0.02,0.42,854000.71,403827.627
20160504,620,601939.SH,4.73,4.74,4.7,4.72,4.74,-0.02,-0.42,1166366.01,550460.652
20160503,621,601939.SH,4.7,4.75,4.69,4.74,4.69,0.05,1.07,1401526.61,662329.993
20160429,622,601939.SH,4.69,4.7,4.67,4.69,4.7,-0.01,-0.21,731673.55,342816.068
20160428,623,601939.SH,4.69,4.72,4.68,4.7,4.68,0.02,0.43,1126189.03,529160.129
20160427,624,601939.SH,4.7,4.71,4.68,4.68,4.7,-0.02,-0.43,629436.92,295576.499
20160426,625,601939.SH,4.69,4.7,4.67,4.7,4.69,0.01,0.21,680815.3,319126.774
20160425,626,601939.SH,4.7,4.7,4.66,4.69,4.7,-0.01,-0.21,836316.41,391346.04
20160422,627,601939.SH,4.68,4.71,4.67,4.7,4.69,0.01,0.21,771020.84,361848.607
20160421,628,601939.SH,4.69,4.72,4.68,4.69,4.7,-0.01,-0.21,1062873.82,499156.945
20160420,629,601939.SH,4.79,4.79,4.65,4.7,4.78,-0.08,-1.67,2361905.61,1111918.955
20160419,630,601939.SH,4.8,4.8,4.76,4.78,4.78,0.0,0.0,783752.2,374149.949
20160418,631,601939.SH,4.82,4.82,4.77,4.78,4.83,-0.05,-1.04,1076709.58,515874.358
20160415,632,601939.SH,4.83,4.85,4.81,4.83,4.83,0.0,0.0,1290803.46,622909.61
20160414,633,601939.SH,4.83,4.85,4.8,4.83,4.82,0.01,0.21,998003.68,481194.386
20160413,634,601939.SH,4.79,4.86,4.79,4.82,4.78,0.04,0.84,2154649.32,1040264.222
20160412,635,601939.SH,4.8,4.8,4.76,4.78,4.8,-0.02,-0.42,837588.34,399981.611
20160411,636,601939.SH,4.76,4.82,4.76,4.8,4.76,0.04,0.84,1223919.6,587026.297
20160408,637,601939.SH,4.78,4.78,4.74,4.76,4.78,-0.02,-0.42,1133993.05,540022.221
20160407,638,601939.SH,4.84,4.85,4.78,4.78,4.83,-0.05,-1.04,1303617.99,626528.683
20160406,639,601939.SH,4.83,4.85,4.82,4.83,4.85,-0.02,-0.41,1102434.08,532909.074
20160405,640,601939.SH,4.82,4.86,4.8,4.85,4.84,0.01,0.21,1482446.46,716305.127
20160401,641,601939.SH,4.84,4.85,4.79,4.84,4.85,-0.01,-0.21,1540178.39,742690.812
20160331,642,601939.SH,4.9,4.91,4.83,4.85,4.9,-0.05,-1.02,2124445.15,1032325.74
20160330,643,601939.SH,4.82,4.91,4.82,4.9,4.81,0.09,1.87,1740819.38,848184.404
20160329,644,601939.SH,4.82,4.84,4.79,4.81,4.82,-0.01,-0.21,923048.22,444459.318
20160328,645,601939.SH,4.85,4.86,4.8,4.82,4.84,-0.02,-0.41,1028580.13,496525.347
20160325,646,601939.SH,4.82,4.85,4.82,4.84,4.83,0.01,0.21,505126.83,244314.866
20160324,647,601939.SH,4.86,4.87,4.82,4.83,4.88,-0.05,-1.02,867511.45,419711.997
20160323,648,601939.SH,4.89,4.91,4.86,4.88,4.89,-0.01,-0.2,579014.38,282408.751
20160322,649,601939.SH,4.9,4.94,4.88,4.89,4.9,-0.01,-0.2,936115.15,459388.266
20160321,650,601939.SH,4.88,4.95,4.86,4.9,4.86,0.04,0.82,1680096.43,823439.701
20160318,651,601939.SH,4.87,4.9,4.85,4.86,4.87,-0.01,-0.21,2132027.5,1038318.256
20160317,652,601939.SH,4.85,4.89,4.84,4.87,4.86,0.01,0.21,1420770.08,691277.07
20160316,653,601939.SH,4.79,4.88,4.79,4.86,4.81,0.05,1.04,1901413.18,921595.037
20160315,654,601939.SH,4.79,4.83,4.76,4.81,4.8,0.01,0.21,791989.75,379594.78
20160314,655,601939.SH,4.77,4.86,4.75,4.8,4.76,0.04,0.84,1407104.73,677140.675
20160311,656,601939.SH,4.75,4.78,4.71,4.76,4.76,0.0,0.0,1073840.04,509303.069
20160310,657,601939.SH,4.76,4.83,4.75,4.76,4.77,-0.01,-0.21,1424959.04,683176.21
20160309,658,601939.SH,4.75,4.79,4.71,4.77,4.79,-0.02,-0.42,1336451.97,634278.186
20160308,659,601939.SH,4.82,4.82,4.69,4.79,4.81,-0.02,-0.42,1753512.1,830753.503
20160307,660,601939.SH,4.82,4.85,4.79,4.81,4.84,-0.03,-0.62,1662631.55,800755.496
20160304,661,601939.SH,4.7,4.89,4.68,4.84,4.71,0.13,2.76,3215619.77,1544463.491
20160303,662,601939.SH,4.7,4.73,4.67,4.71,4.7,0.01,0.21,1634959.51,768452.661
20160302,663,601939.SH,4.58,4.71,4.55,4.7,4.57,0.13,2.84,1547893.46,717826.2
20160301,664,601939.SH,4.54,4.6,4.5,4.57,4.53,0.04,0.88,1026073.77,466536.655
20160229,665,601939.SH,4.61,4.61,4.4,4.53,4.62,-0.09,-1.95,1380449.08,619876.246
20160226,666,601939.SH,4.59,4.66,4.57,4.62,4.57,0.05,1.09,889280.03,409111.197
20160225,667,601939.SH,4.73,4.73,4.54,4.57,4.73,-0.16,-3.38,1704015.86,795686.119
20160224,668,601939.SH,4.71,4.76,4.7,4.73,4.73,0.0,0.0,757957.3,358027.016
20160223,669,601939.SH,4.78,4.78,4.69,4.73,4.78,-0.05,-1.05,977999.8,462975.874
20160222,670,601939.SH,4.71,4.84,4.7,4.78,4.69,0.09,1.92,1491860.03,710591.485
20160219,671,601939.SH,4.72,4.73,4.68,4.69,4.72,-0.03,-0.64,750365.26,352782.345
20160218,672,601939.SH,4.74,4.75,4.71,4.72,4.73,-0.01,-0.21,1094078.26,517946.723
20160217,673,601939.SH,4.72,4.74,4.68,4.73,4.73,0.0,0.0,1119817.49,527804.245
20160216,674,601939.SH,4.64,4.76,4.63,4.73,4.62,0.11,2.38,1005670.05,472955.708
20160215,675,601939.SH,4.6,4.65,4.56,4.62,4.69,-0.07,-1.49,574523.3,264540.216
20160205,676,601939.SH,4.71,4.72,4.68,4.69,4.71,-0.02,-0.42,546960.82,256630.324
20160204,677,601939.SH,4.68,4.73,4.68,4.71,4.68,0.03,0.64,641905.29,301959.708
20160203,678,601939.SH,4.7,4.71,4.64,4.68,4.73,-0.05,-1.06,601337.01,280480.449
20160202,679,601939.SH,4.7,4.76,4.68,4.73,4.7,0.03,0.64,565087.84,267357.065
20160201,680,601939.SH,4.8,4.8,4.66,4.7,4.81,-0.11,-2.29,870188.12,410331.914
20160129,681,601939.SH,4.75,4.85,4.72,4.81,4.75,0.06,1.26,1048269.22,502293.789
20160128,682,601939.SH,4.82,4.82,4.72,4.75,4.83,-0.08,-1.66,509785.2,242999.676
20160127,683,601939.SH,4.93,4.93,4.76,4.83,4.87,-0.04,-0.82,910873.4,440362.172
20160126,684,601939.SH,5.05,5.06,4.87,4.87,5.07,-0.2,-3.94,826393.71,410800.075
20160125,685,601939.SH,5.05,5.08,5.01,5.07,5.05,0.02,0.4,520328.91,262502.834
20160122,686,601939.SH,5.07,5.08,5.01,5.05,5.03,0.02,0.4,418712.04,211299.084
20160121,687,601939.SH,5.06,5.17,5.03,5.03,5.09,-0.06,-1.18,560594.24,284865.429
20160120,688,601939.SH,5.13,5.15,5.05,5.09,5.15,-0.06,-1.17,546002.58,278086.123
20160119,689,601939.SH,5.05,5.19,5.05,5.15,5.04,0.11,2.18,512198.65,262293.227
20160118,690,601939.SH,5.02,5.09,5.02,5.04,5.09,-0.05,-0.98,611950.84,309312.929
20160115,691,601939.SH,5.18,5.18,5.06,5.09,5.21,-0.12,-2.3,617508.88,315926.242
20160114,692,601939.SH,5.1,5.23,5.07,5.21,5.2,0.01,0.19,655227.47,336782.39
20160113,693,601939.SH,5.34,5.34,5.19,5.2,5.27,-0.07,-1.33,494774.15,260500.594
20160112,694,601939.SH,5.34,5.37,5.26,5.27,5.3,-0.03,-0.57,534470.58,283963.431
20160111,695,601939.SH,5.49,5.52,5.29,5.3,5.54,-0.24,-4.33,890531.0,483584.438
20160108,696,601939.SH,5.58,5.63,5.45,5.54,5.49,0.05,0.91,845954.93,470553.125
20160107,697,601939.SH,5.6,5.61,5.47,5.49,5.64,-0.15,-2.66,159018.31,87780.313
20160106,698,601939.SH,5.58,5.64,5.56,5.64,5.58,0.06,1.08,493284.81,276626.636
20160105,699,601939.SH,5.52,5.66,5.5,5.58,5.6,-0.02,-0.36,654196.44,364868.325
20160104,700,601939.SH,5.77,5.78,5.57,5.6,5.78,-0.18,-3.11,610414.55,345126.79
